pair_id,project_a_id,project_a_utility,project_a_name,project_a_type,project_a_status,project_a_voltage_min_kv,project_a_voltage_max_kv,project_a_start,project_a_construction_start,project_a_end,project_a_date_precision,project_a_in_service_year,project_a_from_substation,project_a_to_substation,project_a_from_lat,project_a_from_lon,project_a_to_lat,project_a_to_lon,project_a_mid_lat,project_a_mid_lon,project_a_geometry_type,project_a_location_method,project_a_location_confidence,project_b_id,project_b_utility,project_b_name,project_b_type,project_b_status,project_b_voltage_min_kv,project_b_voltage_max_kv,project_b_start,project_b_construction_start,project_b_end,project_b_date_precision,project_b_in_service_year,project_b_from_substation,project_b_to_substation,project_b_from_lat,project_b_from_lon,project_b_to_lat,project_b_to_lon,project_b_mid_lat,project_b_mid_lon,project_b_geometry_type,project_b_location_method,project_b_location_confidence,geography_available_both
DUKE-P0017__TECO-66833,DUKE-P0017,Duke Energy Florida,Archer Reliability Upgrade Projects,transmission_upgrade,,230,230,,,,,,Archer,Newberry / Haile Tap,29.557945,-82.505377,29.669628,-82.594321,29.6137865,-82.549849,approximate_corridor,exact_substation_endpoints,HIGH,TECO-66833,Tampa Electric,Transmission Upgrades-69 kV-66833,transmission_upgrade,,69.0,69.0,2026-01-01,2026-01-01,2026-12-31,month,,,,,,,,,,,unknown,UNKNOWN,False
DUKE-P0017__TECO-230037,DUKE-P0017,Duke Energy Florida,Archer Reliability Upgrade Projects,transmission_upgrade,,230,230,,,,,,Archer,Newberry / Haile Tap,29.557945,-82.505377,29.669628,-82.594321,29.6137865,-82.549849,approximate_corridor,exact_substation_endpoints,HIGH,TECO-230037,Tampa Electric,Transmission Upgrades-138/230 kV-230037,transmission_upgrade,,230.0,230.0,2026-01-01,2026-01-01,2026-12-31,month,,Gannon,Juneau,27.93806919700006,-82.44013826299994,28.02284274300007,-82.48101535599994,27.980455970000065,-82.46057680949994,approximate_corridor,exact_substation_endpoints,HIGH,True
DUKE-P0017__TECO-66653,DUKE-P0017,Duke Energy Florida,Archer Reliability Upgrade Projects,transmission_upgrade,,230,230,,,,,,Archer,Newberry / Haile Tap,29.557945,-82.505377,29.669628,-82.594321,29.6137865,-82.549849,approximate_corridor,exact_substation_endpoints,HIGH,TECO-66653,Tampa Electric,Transmission Upgrades-69 kV-66653,transmission_upgrade,,69.0,69.0,2026-01-01,2026-01-01,2026-12-31,month,,South Eloise,Sandhill,27.98724072400006,-81.74407045999999,,,27.98724072400006,-81.74407045999999,point,single_substation,MEDIUM,True
DUKE-P0017__TECO-66004,DUKE-P0017,Duke Energy Florida,Archer Reliability Upgrade Projects,transmission_upgrade,,230,230,,,,,,Archer,Newberry / Haile Tap,29.557945,-82.505377,29.669628,-82.594321,29.6137865,-82.549849,approximate_corridor,exact_substation_endpoints,HIGH,TECO-66004,Tampa Electric,Transmission Upgrades-69 kV-66004,transmission_upgrade,,69.0,69.0,2026-01-01,2026-01-01,2026-12-31,month,,,,,,,,,,,unknown,UNKNOWN,False
DUKE-P0017__TECO-66655,DUKE-P0017,Duke Energy Florida,Archer Reliability Upgrade Projects,transmission_upgrade,,230,230,,,,,,Archer,Newberry / Haile Tap,29.557945,-82.505377,29.669628,-82.594321,29.6137865,-82.549849,approximate_corridor,exact_substation_endpoints,HIGH,TECO-66655,Tampa Electric,Transmission Upgrades-69 kV-66655,transmission_upgrade,,69.0,69.0,2026-01-01,2026-01-01,2026-12-31,month,,,,,,,,,,,unknown,UNKNOWN,False
DUKE-P0017__TECO-66831,DUKE-P0017,Duke Energy Florida,Archer Reliability Upgrade Projects,transmission_upgrade,,230,230,,,,,,Archer,Newberry / Haile Tap,29.557945,-82.505377,29.669628,-82.594321,29.6137865,-82.549849,approximate_corridor,exact_substation_endpoints,HIGH,TECO-66831,Tampa Electric,Transmission Upgrades-69 kV-66831,transmission_upgrade,,69.0,69.0,2026-01-01,2026-01-01,2026-12-31,month,,,,,,,,,,,unknown,UNKNOWN,False
DUKE-P0017__TECO-66651,DUKE-P0017,Duke Energy Florida,Archer Reliability Upgrade Projects,transmission_upgrade,,230,230,,,,,,Archer,Newberry / Haile Tap,29.557945,-82.505377,29.669628,-82.594321,29.6137865,-82.549849,approximate_corridor,exact_substation_endpoints,HIGH,TECO-66651,Tampa Electric,Transmission Upgrades-69 kV-66651,transmission_upgrade,,69.0,69.0,2026-01-01,2026-01-01,2026-12-31,month,,,,,,,,,,,unknown,UNKNOWN,False
DUKE-P0017__TECO-66058,DUKE-P0017,Duke Energy Florida,Archer Reliability Upgrade Projects,transmission_upgrade,,230,230,,,,,,Archer,Newberry / Haile Tap,29.557945,-82.505377,29.669628,-82.594321,29.6137865,-82.549849,approximate_corridor,exact_substation_endpoints,HIGH,TECO-66058,Tampa Electric,Transmission Upgrades-69 kV-66058,transmission_upgrade,,69.0,69.0,2026-01-01,2026-01-01,2026-12-31,month,,,,,,,,,,,unknown,UNKNOWN,False
DUKE-P0017__TECO-66012,DUKE-P0017,Duke Energy Florida,Archer Reliability Upgrade Projects,transmission_upgrade,,230,230,,,,,,Archer,Newberry / Haile Tap,29.557945,-82.505377,29.669628,-82.594321,29.6137865,-82.549849,approximate_corridor,exact_substation_endpoints,HIGH,TECO-66012,Tampa Electric,Transmission Upgrades-69 kV-66012,transmission_upgrade,,69.0,69.0,2026-01-01,2026-01-01,2026-12-31,month,,,,,,,,,,,unknown,UNKNOWN,False
DUKE-P0017__TECO-138005,DUKE-P0017,Duke Energy Florida,Archer Reliability Upgrade Projects,transmission_upgrade,,230,230,,,,,,Archer,Newberry / Haile Tap,29.557945,-82.505377,29.669628,-82.594321,29.6137865,-82.549849,approximate_corridor,exact_substation_endpoints,HIGH,TECO-138005,Tampa Electric,Transmission Upgrades-138/230 kV-138005,transmission_upgrade,,230.0,230.0,2026-01-01,2026-01-01,2026-12-31,month,,Ohio,Clearview,27.977163463000068,-82.49816320399998,27.954757651000023,-82.50206661099998,27.965960557000045,-82.50011490749998,approximate_corridor,exact_substation_endpoints,HIGH,True
DUKE-P0017__TECO-66835,DUKE-P0017,Duke Energy Florida,Archer Reliability Upgrade Projects,transmission_upgrade,,230,230,,,,,,Archer,Newberry / Haile Tap,29.557945,-82.505377,29.669628,-82.594321,29.6137865,-82.549849,approximate_corridor,exact_substation_endpoints,HIGH,TECO-66835,Tampa Electric,Transmission Upgrades-69 kV-66835,transmission_upgrade,,69.0,69.0,2026-01-01,2026-01-01,2026-12-31,month,,,,,,,,,,,unknown,UNKNOWN,False
DUKE-P0017__TECO-SUB-first-street,DUKE-P0017,Duke Energy Florida,Archer Reliability Upgrade Projects,transmission_upgrade,,230,230,,,,,,Archer,Newberry / Haile Tap,29.557945,-82.505377,29.669628,-82.594321,29.6137865,-82.549849,approximate_corridor,exact_substation_endpoints,HIGH,TECO-SUB-first-street,Tampa Electric,Substation Extreme Weather Hardening - First Street,substation_hardening,,,,2026-01-01,2026-06-01,2026-10-31,month,,First Street,,,,,,,,,unknown,UNKNOWN,False
DUKE-P0017__TECO-SUB-skyway,DUKE-P0017,Duke Energy Florida,Archer Reliability Upgrade Projects,transmission_upgrade,,230,230,,,,,,Archer,Newberry / Haile Tap,29.557945,-82.505377,29.669628,-82.594321,29.6137865,-82.549849,approximate_corridor,exact_substation_endpoints,HIGH,TECO-SUB-skyway,Tampa Electric,Substation Extreme Weather Hardening - Skyway,substation_hardening,,,,2026-01-01,2026-06-01,2026-10-31,month,,Skyway,,27.977115643000047,-82.55019121599997,,,27.977115643000047,-82.55019121599997,point,single_substation,HIGH,True
DUKE-P0017__TECO-SUB-lake-agnes,DUKE-P0017,Duke Energy Florida,Archer Reliability Upgrade Projects,transmission_upgrade,,230,230,,,,,,Archer,Newberry / Haile Tap,29.557945,-82.505377,29.669628,-82.594321,29.6137865,-82.549849,approximate_corridor,exact_substation_endpoints,HIGH,TECO-SUB-lake-agnes,Tampa Electric,Substation Extreme Weather Hardening - Lake Agnes,substation_hardening,,,,2026-01-01,2026-06-01,2026-08-31,month,,Lake Agnes,,28.15503006600005,-81.82700854499996,,,28.15503006600005,-81.82700854499996,point,single_substation,HIGH,True
DUKE-P0017__TECO-SUB-trout-creek,DUKE-P0017,Duke Energy Florida,Archer Reliability Upgrade Projects,transmission_upgrade,,230,230,,,,,,Archer,Newberry / Haile Tap,29.557945,-82.505377,29.669628,-82.594321,29.6137865,-82.549849,approximate_corridor,exact_substation_endpoints,HIGH,TECO-SUB-trout-creek,Tampa Electric,Substation Extreme Weather Hardening - Trout Creek,substation_hardening,,,,2026-01-01,2026-04-01,2026-07-31,month,,Trout Creek,,,,,,,,,unknown,UNKNOWN,False
DUKE-P0017__TECO-SUB-estuary,DUKE-P0017,Duke Energy Florida,Archer Reliability Upgrade Projects,transmission_upgrade,,230,230,,,,,,Archer,Newberry / Haile Tap,29.557945,-82.505377,29.669628,-82.594321,29.6137865,-82.549849,approximate_corridor,exact_substation_endpoints,HIGH,TECO-SUB-estuary,Tampa Electric,Substation Extreme Weather Hardening - Estuary,substation_hardening,,,,2026-01-01,2026-06-01,2026-08-31,month,,Estuary,,,,,,,,,unknown,UNKNOWN,False
DUKE-P0062__TECO-66833,DUKE-P0062,Duke Energy Florida,"Brooksville West, Mondon Hill, Bushnell East",transmission_upgrade,Construction,115,230,,,,year,2025.0,Brooksville West,Bushnell East,28.527853,-82.500611,28.671774,-82.099225,28.5998135,-82.299918,approximate_corridor,exact_substation_endpoints,HIGH,TECO-66833,Tampa Electric,Transmission Upgrades-69 kV-66833,transmission_upgrade,,69.0,69.0,2026-01-01,2026-01-01,2026-12-31,month,,,,,,,,,,,unknown,UNKNOWN,False
DUKE-P0062__TECO-230037,DUKE-P0062,Duke Energy Florida,"Brooksville West, Mondon Hill, Bushnell East",transmission_upgrade,Construction,115,230,,,,year,2025.0,Brooksville West,Bushnell East,28.527853,-82.500611,28.671774,-82.099225,28.5998135,-82.299918,approximate_corridor,exact_substation_endpoints,HIGH,TECO-230037,Tampa Electric,Transmission Upgrades-138/230 kV-230037,transmission_upgrade,,230.0,230.0,2026-01-01,2026-01-01,2026-12-31,month,,Gannon,Juneau,27.93806919700006,-82.44013826299994,28.02284274300007,-82.48101535599994,27.980455970000065,-82.46057680949994,approximate_corridor,exact_substation_endpoints,HIGH,True
DUKE-P0062__TECO-66653,DUKE-P0062,Duke Energy Florida,"Brooksville West, Mondon Hill, Bushnell East",transmission_upgrade,Construction,115,230,,,,year,2025.0,Brooksville West,Bushnell East,28.527853,-82.500611,28.671774,-82.099225,28.5998135,-82.299918,approximate_corridor,exact_substation_endpoints,HIGH,TECO-66653,Tampa Electric,Transmission Upgrades-69 kV-66653,transmission_upgrade,,69.0,69.0,2026-01-01,2026-01-01,2026-12-31,month,,South Eloise,Sandhill,27.98724072400006,-81.74407045999999,,,27.98724072400006,-81.74407045999999,point,single_substation,MEDIUM,True
DUKE-P0062__TECO-66004,DUKE-P0062,Duke Energy Florida,"Brooksville West, Mondon Hill, Bushnell East",transmission_upgrade,Construction,115,230,,,,year,2025.0,Brooksville West,Bushnell East,28.527853,-82.500611,28.671774,-82.099225,28.5998135,-82.299918,approximate_corridor,exact_substation_endpoints,HIGH,TECO-66004,Tampa Electric,Transmission Upgrades-69 kV-66004,transmission_upgrade,,69.0,69.0,2026-01-01,2026-01-01,2026-12-31,month,,,,,,,,,,,unknown,UNKNOWN,False
DUKE-P0062__TECO-66655,DUKE-P0062,Duke Energy Florida,"Brooksville West, Mondon Hill, Bushnell East",transmission_upgrade,Construction,115,230,,,,year,2025.0,Brooksville West,Bushnell East,28.527853,-82.500611,28.671774,-82.099225,28.5998135,-82.299918,approximate_corridor,exact_substation_endpoints,HIGH,TECO-66655,Tampa Electric,Transmission Upgrades-69 kV-66655,transmission_upgrade,,69.0,69.0,2026-01-01,2026-01-01,2026-12-31,month,,,,,,,,,,,unknown,UNKNOWN,False
DUKE-P0062__TECO-66831,DUKE-P0062,Duke Energy Florida,"Brooksville West, Mondon Hill, Bushnell East",transmission_upgrade,Construction,115,230,,,,year,2025.0,Brooksville West,Bushnell East,28.527853,-82.500611,28.671774,-82.099225,28.5998135,-82.299918,approximate_corridor,exact_substation_endpoints,HIGH,TECO-66831,Tampa Electric,Transmission Upgrades-69 kV-66831,transmission_upgrade,,69.0,69.0,2026-01-01,2026-01-01,2026-12-31,month,,,,,,,,,,,unknown,UNKNOWN,False
DUKE-P0062__TECO-66651,DUKE-P0062,Duke Energy Florida,"Brooksville West, Mondon Hill, Bushnell East",transmission_upgrade,Construction,115,230,,,,year,2025.0,Brooksville West,Bushnell East,28.527853,-82.500611,28.671774,-82.099225,28.5998135,-82.299918,approximate_corridor,exact_substation_endpoints,HIGH,TECO-66651,Tampa Electric,Transmission Upgrades-69 kV-66651,transmission_upgrade,,69.0,69.0,2026-01-01,2026-01-01,2026-12-31,month,,,,,,,,,,,unknown,UNKNOWN,False
DUKE-P0062__TECO-66058,DUKE-P0062,Duke Energy Florida,"Brooksville West, Mondon Hill, Bushnell East",transmission_upgrade,Construction,115,230,,,,year,2025.0,Brooksville West,Bushnell East,28.527853,-82.500611,28.671774,-82.099225,28.5998135,-82.299918,approximate_corridor,exact_substation_endpoints,HIGH,TECO-66058,Tampa Electric,Transmission Upgrades-69 kV-66058,transmission_upgrade,,69.0,69.0,2026-01-01,2026-01-01,2026-12-31,month,,,,,,,,,,,unknown,UNKNOWN,False
DUKE-P0062__TECO-66012,DUKE-P0062,Duke Energy Florida,"Brooksville West, Mondon Hill, Bushnell East",transmission_upgrade,Construction,115,230,,,,year,2025.0,Brooksville West,Bushnell East,28.527853,-82.500611,28.671774,-82.099225,28.5998135,-82.299918,approximate_corridor,exact_substation_endpoints,HIGH,TECO-66012,Tampa Electric,Transmission Upgrades-69 kV-66012,transmission_upgrade,,69.0,69.0,2026-01-01,2026-01-01,2026-12-31,month,,,,,,,,,,,unknown,UNKNOWN,False
DUKE-P0062__TECO-138005,DUKE-P0062,Duke Energy Florida,"Brooksville West, Mondon Hill, Bushnell East",transmission_upgrade,Construction,115,230,,,,year,2025.0,Brooksville West,Bushnell East,28.527853,-82.500611,28.671774,-82.099225,28.5998135,-82.299918,approximate_corridor,exact_substation_endpoints,HIGH,TECO-138005,Tampa Electric,Transmission Upgrades-138/230 kV-138005,transmission_upgrade,,230.0,230.0,2026-01-01,2026-01-01,2026-12-31,month,,Ohio,Clearview,27.977163463000068,-82.49816320399998,27.954757651000023,-82.50206661099998,27.965960557000045,-82.50011490749998,approximate_corridor,exact_substation_endpoints,HIGH,True
DUKE-P0062__TECO-66835,DUKE-P0062,Duke Energy Florida,"Brooksville West, Mondon Hill, Bushnell East",transmission_upgrade,Construction,115,230,,,,year,2025.0,Brooksville West,Bushnell East,28.527853,-82.500611,28.671774,-82.099225,28.5998135,-82.299918,approximate_corridor,exact_substation_endpoints,HIGH,TECO-66835,Tampa Electric,Transmission Upgrades-69 kV-66835,transmission_upgrade,,69.0,69.0,2026-01-01,2026-01-01,2026-12-31,month,,,,,,,,,,,unknown,UNKNOWN,False
DUKE-P0062__TECO-SUB-first-street,DUKE-P0062,Duke Energy Florida,"Brooksville West, Mondon Hill, Bushnell East",transmission_upgrade,Construction,115,230,,,,year,2025.0,Brooksville West,Bushnell East,28.527853,-82.500611,28.671774,-82.099225,28.5998135,-82.299918,approximate_corridor,exact_substation_endpoints,HIGH,TECO-SUB-first-street,Tampa Electric,Substation Extreme Weather Hardening - First Street,substation_hardening,,,,2026-01-01,2026-06-01,2026-10-31,month,,First Street,,,,,,,,,unknown,UNKNOWN,False
DUKE-P0062__TECO-SUB-skyway,DUKE-P0062,Duke Energy Florida,"Brooksville West, Mondon Hill, Bushnell East",transmission_upgrade,Construction,115,230,,,,year,2025.0,Brooksville West,Bushnell East,28.527853,-82.500611,28.671774,-82.099225,28.5998135,-82.299918,approximate_corridor,exact_substation_endpoints,HIGH,TECO-SUB-skyway,Tampa Electric,Substation Extreme Weather Hardening - Skyway,substation_hardening,,,,2026-01-01,2026-06-01,2026-10-31,month,,Skyway,,27.977115643000047,-82.55019121599997,,,27.977115643000047,-82.55019121599997,point,single_substation,HIGH,True
DUKE-P0062__TECO-SUB-lake-agnes,DUKE-P0062,Duke Energy Florida,"Brooksville West, Mondon Hill, Bushnell East",transmission_upgrade,Construction,115,230,,,,year,2025.0,Brooksville West,Bushnell East,28.527853,-82.500611,28.671774,-82.099225,28.5998135,-82.299918,approximate_corridor,exact_substation_endpoints,HIGH,TECO-SUB-lake-agnes,Tampa Electric,Substation Extreme Weather Hardening - Lake Agnes,substation_hardening,,,,2026-01-01,2026-06-01,2026-08-31,month,,Lake Agnes,,28.15503006600005,-81.82700854499996,,,28.15503006600005,-81.82700854499996,point,single_substation,HIGH,True
DUKE-P0062__TECO-SUB-trout-creek,DUKE-P0062,Duke Energy Florida,"Brooksville West, Mondon Hill, Bushnell East",transmission_upgrade,Construction,115,230,,,,year,2025.0,Brooksville West,Bushnell East,28.527853,-82.500611,28.671774,-82.099225,28.5998135,-82.299918,approximate_corridor,exact_substation_endpoints,HIGH,TECO-SUB-trout-creek,Tampa Electric,Substation Extreme Weather Hardening - Trout Creek,substation_hardening,,,,2026-01-01,2026-04-01,2026-07-31,month,,Trout Creek,,,,,,,,,unknown,UNKNOWN,False
DUKE-P0062__TECO-SUB-estuary,DUKE-P0062,Duke Energy Florida,"Brooksville West, Mondon Hill, Bushnell East",transmission_upgrade,Construction,115,230,,,,year,2025.0,Brooksville West,Bushnell East,28.527853,-82.500611,28.671774,-82.099225,28.5998135,-82.299918,approximate_corridor,exact_substation_endpoints,HIGH,TECO-SUB-estuary,Tampa Electric,Substation Extreme Weather Hardening - Estuary,substation_hardening,,,,2026-01-01,2026-06-01,2026-08-31,month,,Estuary,,,,,,,,,unknown,UNKNOWN,False
DUKE-P0132__TECO-66833,DUKE-P0132,Duke Energy Florida,Disston to Largo Transmission Upgrade,transmission_upgrade,Construction,230,230,,,,year,2027.0,Disston,Largo,27.829953,-82.704029,27.913561,-82.7728,27.871757,-82.7384145,approximate_corridor,exact_substation_endpoints,HIGH,TECO-66833,Tampa Electric,Transmission Upgrades-69 kV-66833,transmission_upgrade,,69.0,69.0,2026-01-01,2026-01-01,2026-12-31,month,,,,,,,,,,,unknown,UNKNOWN,False
DUKE-P0132__TECO-230037,DUKE-P0132,Duke Energy Florida,Disston to Largo Transmission Upgrade,transmission_upgrade,Construction,230,230,,,,year,2027.0,Disston,Largo,27.829953,-82.704029,27.913561,-82.7728,27.871757,-82.7384145,approximate_corridor,exact_substation_endpoints,HIGH,TECO-230037,Tampa Electric,Transmission Upgrades-138/230 kV-230037,transmission_upgrade,,230.0,230.0,2026-01-01,2026-01-01,2026-12-31,month,,Gannon,Juneau,27.93806919700006,-82.44013826299994,28.02284274300007,-82.48101535599994,27.980455970000065,-82.46057680949994,approximate_corridor,exact_substation_endpoints,HIGH,True
DUKE-P0132__TECO-66653,DUKE-P0132,Duke Energy Florida,Disston to Largo Transmission Upgrade,transmission_upgrade,Construction,230,230,,,,year,2027.0,Disston,Largo,27.829953,-82.704029,27.913561,-82.7728,27.871757,-82.7384145,approximate_corridor,exact_substation_endpoints,HIGH,TECO-66653,Tampa Electric,Transmission Upgrades-69 kV-66653,transmission_upgrade,,69.0,69.0,2026-01-01,2026-01-01,2026-12-31,month,,South Eloise,Sandhill,27.98724072400006,-81.74407045999999,,,27.98724072400006,-81.74407045999999,point,single_substation,MEDIUM,True
DUKE-P0132__TECO-66004,DUKE-P0132,Duke Energy Florida,Disston to Largo Transmission Upgrade,transmission_upgrade,Construction,230,230,,,,year,2027.0,Disston,Largo,27.829953,-82.704029,27.913561,-82.7728,27.871757,-82.7384145,approximate_corridor,exact_substation_endpoints,HIGH,TECO-66004,Tampa Electric,Transmission Upgrades-69 kV-66004,transmission_upgrade,,69.0,69.0,2026-01-01,2026-01-01,2026-12-31,month,,,,,,,,,,,unknown,UNKNOWN,False
DUKE-P0132__TECO-66655,DUKE-P0132,Duke Energy Florida,Disston to Largo Transmission Upgrade,transmission_upgrade,Construction,230,230,,,,year,2027.0,Disston,Largo,27.829953,-82.704029,27.913561,-82.7728,27.871757,-82.7384145,approximate_corridor,exact_substation_endpoints,HIGH,TECO-66655,Tampa Electric,Transmission Upgrades-69 kV-66655,transmission_upgrade,,69.0,69.0,2026-01-01,2026-01-01,2026-12-31,month,,,,,,,,,,,unknown,UNKNOWN,False
DUKE-P0132__TECO-66831,DUKE-P0132,Duke Energy Florida,Disston to Largo Transmission Upgrade,transmission_upgrade,Construction,230,230,,,,year,2027.0,Disston,Largo,27.829953,-82.704029,27.913561,-82.7728,27.871757,-82.7384145,approximate_corridor,exact_substation_endpoints,HIGH,TECO-66831,Tampa Electric,Transmission Upgrades-69 kV-66831,transmission_upgrade,,69.0,69.0,2026-01-01,2026-01-01,2026-12-31,month,,,,,,,,,,,unknown,UNKNOWN,False
DUKE-P0132__TECO-66651,DUKE-P0132,Duke Energy Florida,Disston to Largo Transmission Upgrade,transmission_upgrade,Construction,230,230,,,,year,2027.0,Disston,Largo,27.829953,-82.704029,27.913561,-82.7728,27.871757,-82.7384145,approximate_corridor,exact_substation_endpoints,HIGH,TECO-66651,Tampa Electric,Transmission Upgrades-69 kV-66651,transmission_upgrade,,69.0,69.0,2026-01-01,2026-01-01,2026-12-31,month,,,,,,,,,,,unknown,UNKNOWN,False
DUKE-P0132__TECO-66058,DUKE-P0132,Duke Energy Florida,Disston to Largo Transmission Upgrade,transmission_upgrade,Construction,230,230,,,,year,2027.0,Disston,Largo,27.829953,-82.704029,27.913561,-82.7728,27.871757,-82.7384145,approximate_corridor,exact_substation_endpoints,HIGH,TECO-66058,Tampa Electric,Transmission Upgrades-69 kV-66058,transmission_upgrade,,69.0,69.0,2026-01-01,2026-01-01,2026-12-31,month,,,,,,,,,,,unknown,UNKNOWN,False
DUKE-P0132__TECO-66012,DUKE-P0132,Duke Energy Florida,Disston to Largo Transmission Upgrade,transmission_upgrade,Construction,230,230,,,,year,2027.0,Disston,Largo,27.829953,-82.704029,27.913561,-82.7728,27.871757,-82.7384145,approximate_corridor,exact_substation_endpoints,HIGH,TECO-66012,Tampa Electric,Transmission Upgrades-69 kV-66012,transmission_upgrade,,69.0,69.0,2026-01-01,2026-01-01,2026-12-31,month,,,,,,,,,,,unknown,UNKNOWN,False
DUKE-P0132__TECO-138005,DUKE-P0132,Duke Energy Florida,Disston to Largo Transmission Upgrade,transmission_upgrade,Construction,230,230,,,,year,2027.0,Disston,Largo,27.829953,-82.704029,27.913561,-82.7728,27.871757,-82.7384145,approximate_corridor,exact_substation_endpoints,HIGH,TECO-138005,Tampa Electric,Transmission Upgrades-138/230 kV-138005,transmission_upgrade,,230.0,230.0,2026-01-01,2026-01-01,2026-12-31,month,,Ohio,Clearview,27.977163463000068,-82.49816320399998,27.954757651000023,-82.50206661099998,27.965960557000045,-82.50011490749998,approximate_corridor,exact_substation_endpoints,HIGH,True
DUKE-P0132__TECO-66835,DUKE-P0132,Duke Energy Florida,Disston to Largo Transmission Upgrade,transmission_upgrade,Construction,230,230,,,,year,2027.0,Disston,Largo,27.829953,-82.704029,27.913561,-82.7728,27.871757,-82.7384145,approximate_corridor,exact_substation_endpoints,HIGH,TECO-66835,Tampa Electric,Transmission Upgrades-69 kV-66835,transmission_upgrade,,69.0,69.0,2026-01-01,2026-01-01,2026-12-31,month,,,,,,,,,,,unknown,UNKNOWN,False
DUKE-P0132__TECO-SUB-first-street,DUKE-P0132,Duke Energy Florida,Disston to Largo Transmission Upgrade,transmission_upgrade,Construction,230,230,,,,year,2027.0,Disston,Largo,27.829953,-82.704029,27.913561,-82.7728,27.871757,-82.7384145,approximate_corridor,exact_substation_endpoints,HIGH,TECO-SUB-first-street,Tampa Electric,Substation Extreme Weather Hardening - First Street,substation_hardening,,,,2026-01-01,2026-06-01,2026-10-31,month,,First Street,,,,,,,,,unknown,UNKNOWN,False
DUKE-P0132__TECO-SUB-skyway,DUKE-P0132,Duke Energy Florida,Disston to Largo Transmission Upgrade,transmission_upgrade,Construction,230,230,,,,year,2027.0,Disston,Largo,27.829953,-82.704029,27.913561,-82.7728,27.871757,-82.7384145,approximate_corridor,exact_substation_endpoints,HIGH,TECO-SUB-skyway,Tampa Electric,Substation Extreme Weather Hardening - Skyway,substation_hardening,,,,2026-01-01,2026-06-01,2026-10-31,month,,Skyway,,27.977115643000047,-82.55019121599997,,,27.977115643000047,-82.55019121599997,point,single_substation,HIGH,True
DUKE-P0132__TECO-SUB-lake-agnes,DUKE-P0132,Duke Energy Florida,Disston to Largo Transmission Upgrade,transmission_upgrade,Construction,230,230,,,,year,2027.0,Disston,Largo,27.829953,-82.704029,27.913561,-82.7728,27.871757,-82.7384145,approximate_corridor,exact_substation_endpoints,HIGH,TECO-SUB-lake-agnes,Tampa Electric,Substation Extreme Weather Hardening - Lake Agnes,substation_hardening,,,,2026-01-01,2026-06-01,2026-08-31,month,,Lake Agnes,,28.15503006600005,-81.82700854499996,,,28.15503006600005,-81.82700854499996,point,single_substation,HIGH,True
DUKE-P0132__TECO-SUB-trout-creek,DUKE-P0132,Duke Energy Florida,Disston to Largo Transmission Upgrade,transmission_upgrade,Construction,230,230,,,,year,2027.0,Disston,Largo,27.829953,-82.704029,27.913561,-82.7728,27.871757,-82.7384145,approximate_corridor,exact_substation_endpoints,HIGH,TECO-SUB-trout-creek,Tampa Electric,Substation Extreme Weather Hardening - Trout Creek,substation_hardening,,,,2026-01-01,2026-04-01,2026-07-31,month,,Trout Creek,,,,,,,,,unknown,UNKNOWN,False
DUKE-P0132__TECO-SUB-estuary,DUKE-P0132,Duke Energy Florida,Disston to Largo Transmission Upgrade,transmission_upgrade,Construction,230,230,,,,year,2027.0,Disston,Largo,27.829953,-82.704029,27.913561,-82.7728,27.871757,-82.7384145,approximate_corridor,exact_substation_endpoints,HIGH,TECO-SUB-estuary,Tampa Electric,Substation Extreme Weather Hardening - Estuary,substation_hardening,,,,2026-01-01,2026-06-01,2026-08-31,month,,Estuary,,,,,,,,,unknown,UNKNOWN,False
DUKE-P0246__TECO-66833,DUKE-P0246,Duke Energy Florida,Marion - Levy - Alachua Reliability Projects,transmission_upgrade,Construction,230,230,,,,year,2027.0,Archer,Silver Springs North,29.557945,-82.505377,29.229345,-82.078411,29.393645,-82.291894,approximate_corridor,exact_substation_endpoints,HIGH,TECO-66833,Tampa Electric,Transmission Upgrades-69 kV-66833,transmission_upgrade,,69.0,69.0,2026-01-01,2026-01-01,2026-12-31,month,,,,,,,,,,,unknown,UNKNOWN,False
DUKE-P0246__TECO-230037,DUKE-P0246,Duke Energy Florida,Marion - Levy - Alachua Reliability Projects,transmission_upgrade,Construction,230,230,,,,year,2027.0,Archer,Silver Springs North,29.557945,-82.505377,29.229345,-82.078411,29.393645,-82.291894,approximate_corridor,exact_substation_endpoints,HIGH,TECO-230037,Tampa Electric,Transmission Upgrades-138/230 kV-230037,transmission_upgrade,,230.0,230.0,2026-01-01,2026-01-01,2026-12-31,month,,Gannon,Juneau,27.93806919700006,-82.44013826299994,28.02284274300007,-82.48101535599994,27.980455970000065,-82.46057680949994,approximate_corridor,exact_substation_endpoints,HIGH,True
DUKE-P0246__TECO-66653,DUKE-P0246,Duke Energy Florida,Marion - Levy - Alachua Reliability Projects,transmission_upgrade,Construction,230,230,,,,year,2027.0,Archer,Silver Springs North,29.557945,-82.505377,29.229345,-82.078411,29.393645,-82.291894,approximate_corridor,exact_substation_endpoints,HIGH,TECO-66653,Tampa Electric,Transmission Upgrades-69 kV-66653,transmission_upgrade,,69.0,69.0,2026-01-01,2026-01-01,2026-12-31,month,,South Eloise,Sandhill,27.98724072400006,-81.74407045999999,,,27.98724072400006,-81.74407045999999,point,single_substation,MEDIUM,True
DUKE-P0246__TECO-66004,DUKE-P0246,Duke Energy Florida,Marion - Levy - Alachua Reliability Projects,transmission_upgrade,Construction,230,230,,,,year,2027.0,Archer,Silver Springs North,29.557945,-82.505377,29.229345,-82.078411,29.393645,-82.291894,approximate_corridor,exact_substation_endpoints,HIGH,TECO-66004,Tampa Electric,Transmission Upgrades-69 kV-66004,transmission_upgrade,,69.0,69.0,2026-01-01,2026-01-01,2026-12-31,month,,,,,,,,,,,unknown,UNKNOWN,False
DUKE-P0246__TECO-66655,DUKE-P0246,Duke Energy Florida,Marion - Levy - Alachua Reliability Projects,transmission_upgrade,Construction,230,230,,,,year,2027.0,Archer,Silver Springs North,29.557945,-82.505377,29.229345,-82.078411,29.393645,-82.291894,approximate_corridor,exact_substation_endpoints,HIGH,TECO-66655,Tampa Electric,Transmission Upgrades-69 kV-66655,transmission_upgrade,,69.0,69.0,2026-01-01,2026-01-01,2026-12-31,month,,,,,,,,,,,unknown,UNKNOWN,False
DUKE-P0246__TECO-66831,DUKE-P0246,Duke Energy Florida,Marion - Levy - Alachua Reliability Projects,transmission_upgrade,Construction,230,230,,,,year,2027.0,Archer,Silver Springs North,29.557945,-82.505377,29.229345,-82.078411,29.393645,-82.291894,approximate_corridor,exact_substation_endpoints,HIGH,TECO-66831,Tampa Electric,Transmission Upgrades-69 kV-66831,transmission_upgrade,,69.0,69.0,2026-01-01,2026-01-01,2026-12-31,month,,,,,,,,,,,unknown,UNKNOWN,False
DUKE-P0246__TECO-66651,DUKE-P0246,Duke Energy Florida,Marion - Levy - Alachua Reliability Projects,transmission_upgrade,Construction,230,230,,,,year,2027.0,Archer,Silver Springs North,29.557945,-82.505377,29.229345,-82.078411,29.393645,-82.291894,approximate_corridor,exact_substation_endpoints,HIGH,TECO-66651,Tampa Electric,Transmission Upgrades-69 kV-66651,transmission_upgrade,,69.0,69.0,2026-01-01,2026-01-01,2026-12-31,month,,,,,,,,,,,unknown,UNKNOWN,False
DUKE-P0246__TECO-66058,DUKE-P0246,Duke Energy Florida,Marion - Levy - Alachua Reliability Projects,transmission_upgrade,Construction,230,230,,,,year,2027.0,Archer,Silver Springs North,29.557945,-82.505377,29.229345,-82.078411,29.393645,-82.291894,approximate_corridor,exact_substation_endpoints,HIGH,TECO-66058,Tampa Electric,Transmission Upgrades-69 kV-66058,transmission_upgrade,,69.0,69.0,2026-01-01,2026-01-01,2026-12-31,month,,,,,,,,,,,unknown,UNKNOWN,False
DUKE-P0246__TECO-66012,DUKE-P0246,Duke Energy Florida,Marion - Levy - Alachua Reliability Projects,transmission_upgrade,Construction,230,230,,,,year,2027.0,Archer,Silver Springs North,29.557945,-82.505377,29.229345,-82.078411,29.393645,-82.291894,approximate_corridor,exact_substation_endpoints,HIGH,TECO-66012,Tampa Electric,Transmission Upgrades-69 kV-66012,transmission_upgrade,,69.0,69.0,2026-01-01,2026-01-01,2026-12-31,month,,,,,,,,,,,unknown,UNKNOWN,False
DUKE-P0246__TECO-138005,DUKE-P0246,Duke Energy Florida,Marion - Levy - Alachua Reliability Projects,transmission_upgrade,Construction,230,230,,,,year,2027.0,Archer,Silver Springs North,29.557945,-82.505377,29.229345,-82.078411,29.393645,-82.291894,approximate_corridor,exact_substation_endpoints,HIGH,TECO-138005,Tampa Electric,Transmission Upgrades-138/230 kV-138005,transmission_upgrade,,230.0,230.0,2026-01-01,2026-01-01,2026-12-31,month,,Ohio,Clearview,27.977163463000068,-82.49816320399998,27.954757651000023,-82.50206661099998,27.965960557000045,-82.50011490749998,approximate_corridor,exact_substation_endpoints,HIGH,True
DUKE-P0246__TECO-66835,DUKE-P0246,Duke Energy Florida,Marion - Levy - Alachua Reliability Projects,transmission_upgrade,Construction,230,230,,,,year,2027.0,Archer,Silver Springs North,29.557945,-82.505377,29.229345,-82.078411,29.393645,-82.291894,approximate_corridor,exact_substation_endpoints,HIGH,TECO-66835,Tampa Electric,Transmission Upgrades-69 kV-66835,transmission_upgrade,,69.0,69.0,2026-01-01,2026-01-01,2026-12-31,month,,,,,,,,,,,unknown,UNKNOWN,False
DUKE-P0246__TECO-SUB-first-street,DUKE-P0246,Duke Energy Florida,Marion - Levy - Alachua Reliability Projects,transmission_upgrade,Construction,230,230,,,,year,2027.0,Archer,Silver Springs North,29.557945,-82.505377,29.229345,-82.078411,29.393645,-82.291894,approximate_corridor,exact_substation_endpoints,HIGH,TECO-SUB-first-street,Tampa Electric,Substation Extreme Weather Hardening - First Street,substation_hardening,,,,2026-01-01,2026-06-01,2026-10-31,month,,First Street,,,,,,,,,unknown,UNKNOWN,False
DUKE-P0246__TECO-SUB-skyway,DUKE-P0246,Duke Energy Florida,Marion - Levy - Alachua Reliability Projects,transmission_upgrade,Construction,230,230,,,,year,2027.0,Archer,Silver Springs North,29.557945,-82.505377,29.229345,-82.078411,29.393645,-82.291894,approximate_corridor,exact_substation_endpoints,HIGH,TECO-SUB-skyway,Tampa Electric,Substation Extreme Weather Hardening - Skyway,substation_hardening,,,,2026-01-01,2026-06-01,2026-10-31,month,,Skyway,,27.977115643000047,-82.55019121599997,,,27.977115643000047,-82.55019121599997,point,single_substation,HIGH,True
DUKE-P0246__TECO-SUB-lake-agnes,DUKE-P0246,Duke Energy Florida,Marion - Levy - Alachua Reliability Projects,transmission_upgrade,Construction,230,230,,,,year,2027.0,Archer,Silver Springs North,29.557945,-82.505377,29.229345,-82.078411,29.393645,-82.291894,approximate_corridor,exact_substation_endpoints,HIGH,TECO-SUB-lake-agnes,Tampa Electric,Substation Extreme Weather Hardening - Lake Agnes,substation_hardening,,,,2026-01-01,2026-06-01,2026-08-31,month,,Lake Agnes,,28.15503006600005,-81.82700854499996,,,28.15503006600005,-81.82700854499996,point,single_substation,HIGH,True
DUKE-P0246__TECO-SUB-trout-creek,DUKE-P0246,Duke Energy Florida,Marion - Levy - Alachua Reliability Projects,transmission_upgrade,Construction,230,230,,,,year,2027.0,Archer,Silver Springs North,29.557945,-82.505377,29.229345,-82.078411,29.393645,-82.291894,approximate_corridor,exact_substation_endpoints,HIGH,TECO-SUB-trout-creek,Tampa Electric,Substation Extreme Weather Hardening - Trout Creek,substation_hardening,,,,2026-01-01,2026-04-01,2026-07-31,month,,Trout Creek,,,,,,,,,unknown,UNKNOWN,False
DUKE-P0246__TECO-SUB-estuary,DUKE-P0246,Duke Energy Florida,Marion - Levy - Alachua Reliability Projects,transmission_upgrade,Construction,230,230,,,,year,2027.0,Archer,Silver Springs North,29.557945,-82.505377,29.229345,-82.078411,29.393645,-82.291894,approximate_corridor,exact_substation_endpoints,HIGH,TECO-SUB-estuary,Tampa Electric,Substation Extreme Weather Hardening - Estuary,substation_hardening,,,,2026-01-01,2026-06-01,2026-08-31,month,,Estuary,,,,,,,,,unknown,UNKNOWN,False
DUKE-P0288__TECO-66833,DUKE-P0288,Duke Energy Florida,North Central Florida Upgrade Project,transmission_upgrade,"Engineering, design, and routing",230,230,,,,year,2028.0,Hamilton Solar,Killearn Tap,30.442726,-83.180835,30.58975,-84.259056,30.516238,-83.7199455,approximate_corridor,exact_substation_endpoints,HIGH,TECO-66833,Tampa Electric,Transmission Upgrades-69 kV-66833,transmission_upgrade,,69.0,69.0,2026-01-01,2026-01-01,2026-12-31,month,,,,,,,,,,,unknown,UNKNOWN,False
DUKE-P0288__TECO-230037,DUKE-P0288,Duke Energy Florida,North Central Florida Upgrade Project,transmission_upgrade,"Engineering, design, and routing",230,230,,,,year,2028.0,Hamilton Solar,Killearn Tap,30.442726,-83.180835,30.58975,-84.259056,30.516238,-83.7199455,approximate_corridor,exact_substation_endpoints,HIGH,TECO-230037,Tampa Electric,Transmission Upgrades-138/230 kV-230037,transmission_upgrade,,230.0,230.0,2026-01-01,2026-01-01,2026-12-31,month,,Gannon,Juneau,27.93806919700006,-82.44013826299994,28.02284274300007,-82.48101535599994,27.980455970000065,-82.46057680949994,approximate_corridor,exact_substation_endpoints,HIGH,True
DUKE-P0288__TECO-66653,DUKE-P0288,Duke Energy Florida,North Central Florida Upgrade Project,transmission_upgrade,"Engineering, design, and routing",230,230,,,,year,2028.0,Hamilton Solar,Killearn Tap,30.442726,-83.180835,30.58975,-84.259056,30.516238,-83.7199455,approximate_corridor,exact_substation_endpoints,HIGH,TECO-66653,Tampa Electric,Transmission Upgrades-69 kV-66653,transmission_upgrade,,69.0,69.0,2026-01-01,2026-01-01,2026-12-31,month,,South Eloise,Sandhill,27.98724072400006,-81.74407045999999,,,27.98724072400006,-81.74407045999999,point,single_substation,MEDIUM,True
DUKE-P0288__TECO-66004,DUKE-P0288,Duke Energy Florida,North Central Florida Upgrade Project,transmission_upgrade,"Engineering, design, and routing",230,230,,,,year,2028.0,Hamilton Solar,Killearn Tap,30.442726,-83.180835,30.58975,-84.259056,30.516238,-83.7199455,approximate_corridor,exact_substation_endpoints,HIGH,TECO-66004,Tampa Electric,Transmission Upgrades-69 kV-66004,transmission_upgrade,,69.0,69.0,2026-01-01,2026-01-01,2026-12-31,month,,,,,,,,,,,unknown,UNKNOWN,False
DUKE-P0288__TECO-66655,DUKE-P0288,Duke Energy Florida,North Central Florida Upgrade Project,transmission_upgrade,"Engineering, design, and routing",230,230,,,,year,2028.0,Hamilton Solar,Killearn Tap,30.442726,-83.180835,30.58975,-84.259056,30.516238,-83.7199455,approximate_corridor,exact_substation_endpoints,HIGH,TECO-66655,Tampa Electric,Transmission Upgrades-69 kV-66655,transmission_upgrade,,69.0,69.0,2026-01-01,2026-01-01,2026-12-31,month,,,,,,,,,,,unknown,UNKNOWN,False
DUKE-P0288__TECO-66831,DUKE-P0288,Duke Energy Florida,North Central Florida Upgrade Project,transmission_upgrade,"Engineering, design, and routing",230,230,,,,year,2028.0,Hamilton Solar,Killearn Tap,30.442726,-83.180835,30.58975,-84.259056,30.516238,-83.7199455,approximate_corridor,exact_substation_endpoints,HIGH,TECO-66831,Tampa Electric,Transmission Upgrades-69 kV-66831,transmission_upgrade,,69.0,69.0,2026-01-01,2026-01-01,2026-12-31,month,,,,,,,,,,,unknown,UNKNOWN,False
DUKE-P0288__TECO-66651,DUKE-P0288,Duke Energy Florida,North Central Florida Upgrade Project,transmission_upgrade,"Engineering, design, and routing",230,230,,,,year,2028.0,Hamilton Solar,Killearn Tap,30.442726,-83.180835,30.58975,-84.259056,30.516238,-83.7199455,approximate_corridor,exact_substation_endpoints,HIGH,TECO-66651,Tampa Electric,Transmission Upgrades-69 kV-66651,transmission_upgrade,,69.0,69.0,2026-01-01,2026-01-01,2026-12-31,month,,,,,,,,,,,unknown,UNKNOWN,False
DUKE-P0288__TECO-66058,DUKE-P0288,Duke Energy Florida,North Central Florida Upgrade Project,transmission_upgrade,"Engineering, design, and routing",230,230,,,,year,2028.0,Hamilton Solar,Killearn Tap,30.442726,-83.180835,30.58975,-84.259056,30.516238,-83.7199455,approximate_corridor,exact_substation_endpoints,HIGH,TECO-66058,Tampa Electric,Transmission Upgrades-69 kV-66058,transmission_upgrade,,69.0,69.0,2026-01-01,2026-01-01,2026-12-31,month,,,,,,,,,,,unknown,UNKNOWN,False
DUKE-P0288__TECO-66012,DUKE-P0288,Duke Energy Florida,North Central Florida Upgrade Project,transmission_upgrade,"Engineering, design, and routing",230,230,,,,year,2028.0,Hamilton Solar,Killearn Tap,30.442726,-83.180835,30.58975,-84.259056,30.516238,-83.7199455,approximate_corridor,exact_substation_endpoints,HIGH,TECO-66012,Tampa Electric,Transmission Upgrades-69 kV-66012,transmission_upgrade,,69.0,69.0,2026-01-01,2026-01-01,2026-12-31,month,,,,,,,,,,,unknown,UNKNOWN,False
DUKE-P0288__TECO-138005,DUKE-P0288,Duke Energy Florida,North Central Florida Upgrade Project,transmission_upgrade,"Engineering, design, and routing",230,230,,,,year,2028.0,Hamilton Solar,Killearn Tap,30.442726,-83.180835,30.58975,-84.259056,30.516238,-83.7199455,approximate_corridor,exact_substation_endpoints,HIGH,TECO-138005,Tampa Electric,Transmission Upgrades-138/230 kV-138005,transmission_upgrade,,230.0,230.0,2026-01-01,2026-01-01,2026-12-31,month,,Ohio,Clearview,27.977163463000068,-82.49816320399998,27.954757651000023,-82.50206661099998,27.965960557000045,-82.50011490749998,approximate_corridor,exact_substation_endpoints,HIGH,True
DUKE-P0288__TECO-66835,DUKE-P0288,Duke Energy Florida,North Central Florida Upgrade Project,transmission_upgrade,"Engineering, design, and routing",230,230,,,,year,2028.0,Hamilton Solar,Killearn Tap,30.442726,-83.180835,30.58975,-84.259056,30.516238,-83.7199455,approximate_corridor,exact_substation_endpoints,HIGH,TECO-66835,Tampa Electric,Transmission Upgrades-69 kV-66835,transmission_upgrade,,69.0,69.0,2026-01-01,2026-01-01,2026-12-31,month,,,,,,,,,,,unknown,UNKNOWN,False
DUKE-P0288__TECO-SUB-first-street,DUKE-P0288,Duke Energy Florida,North Central Florida Upgrade Project,transmission_upgrade,"Engineering, design, and routing",230,230,,,,year,2028.0,Hamilton Solar,Killearn Tap,30.442726,-83.180835,30.58975,-84.259056,30.516238,-83.7199455,approximate_corridor,exact_substation_endpoints,HIGH,TECO-SUB-first-street,Tampa Electric,Substation Extreme Weather Hardening - First Street,substation_hardening,,,,2026-01-01,2026-06-01,2026-10-31,month,,First Street,,,,,,,,,unknown,UNKNOWN,False
DUKE-P0288__TECO-SUB-skyway,DUKE-P0288,Duke Energy Florida,North Central Florida Upgrade Project,transmission_upgrade,"Engineering, design, and routing",230,230,,,,year,2028.0,Hamilton Solar,Killearn Tap,30.442726,-83.180835,30.58975,-84.259056,30.516238,-83.7199455,approximate_corridor,exact_substation_endpoints,HIGH,TECO-SUB-skyway,Tampa Electric,Substation Extreme Weather Hardening - Skyway,substation_hardening,,,,2026-01-01,2026-06-01,2026-10-31,month,,Skyway,,27.977115643000047,-82.55019121599997,,,27.977115643000047,-82.55019121599997,point,single_substation,HIGH,True
DUKE-P0288__TECO-SUB-lake-agnes,DUKE-P0288,Duke Energy Florida,North Central Florida Upgrade Project,transmission_upgrade,"Engineering, design, and routing",230,230,,,,year,2028.0,Hamilton Solar,Killearn Tap,30.442726,-83.180835,30.58975,-84.259056,30.516238,-83.7199455,approximate_corridor,exact_substation_endpoints,HIGH,TECO-SUB-lake-agnes,Tampa Electric,Substation Extreme Weather Hardening - Lake Agnes,substation_hardening,,,,2026-01-01,2026-06-01,2026-08-31,month,,Lake Agnes,,28.15503006600005,-81.82700854499996,,,28.15503006600005,-81.82700854499996,point,single_substation,HIGH,True
DUKE-P0288__TECO-SUB-trout-creek,DUKE-P0288,Duke Energy Florida,North Central Florida Upgrade Project,transmission_upgrade,"Engineering, design, and routing",230,230,,,,year,2028.0,Hamilton Solar,Killearn Tap,30.442726,-83.180835,30.58975,-84.259056,30.516238,-83.7199455,approximate_corridor,exact_substation_endpoints,HIGH,TECO-SUB-trout-creek,Tampa Electric,Substation Extreme Weather Hardening - Trout Creek,substation_hardening,,,,2026-01-01,2026-04-01,2026-07-31,month,,Trout Creek,,,,,,,,,unknown,UNKNOWN,False
DUKE-P0288__TECO-SUB-estuary,DUKE-P0288,Duke Energy Florida,North Central Florida Upgrade Project,transmission_upgrade,"Engineering, design, and routing",230,230,,,,year,2028.0,Hamilton Solar,Killearn Tap,30.442726,-83.180835,30.58975,-84.259056,30.516238,-83.7199455,approximate_corridor,exact_substation_endpoints,HIGH,TECO-SUB-estuary,Tampa Electric,Substation Extreme Weather Hardening - Estuary,substation_hardening,,,,2026-01-01,2026-06-01,2026-08-31,month,,Estuary,,,,,,,,,unknown,UNKNOWN,False
DUKE-P0313__TECO-66833,DUKE-P0313,Duke Energy Florida,Osprey to Haines City 230 kV Line,transmission_line,Construction,230,230,,,,year,2023.0,Osprey,Haines City East,28.054078,-81.80763,28.11978,-81.552183,28.086929,-81.6799065,approximate_corridor,exact_substation_endpoints,HIGH,TECO-66833,Tampa Electric,Transmission Upgrades-69 kV-66833,transmission_upgrade,,69.0,69.0,2026-01-01,2026-01-01,2026-12-31,month,,,,,,,,,,,unknown,UNKNOWN,False
DUKE-P0313__TECO-230037,DUKE-P0313,Duke Energy Florida,Osprey to Haines City 230 kV Line,transmission_line,Construction,230,230,,,,year,2023.0,Osprey,Haines City East,28.054078,-81.80763,28.11978,-81.552183,28.086929,-81.6799065,approximate_corridor,exact_substation_endpoints,HIGH,TECO-230037,Tampa Electric,Transmission Upgrades-138/230 kV-230037,transmission_upgrade,,230.0,230.0,2026-01-01,2026-01-01,2026-12-31,month,,Gannon,Juneau,27.93806919700006,-82.44013826299994,28.02284274300007,-82.48101535599994,27.980455970000065,-82.46057680949994,approximate_corridor,exact_substation_endpoints,HIGH,True
DUKE-P0313__TECO-66653,DUKE-P0313,Duke Energy Florida,Osprey to Haines City 230 kV Line,transmission_line,Construction,230,230,,,,year,2023.0,Osprey,Haines City East,28.054078,-81.80763,28.11978,-81.552183,28.086929,-81.6799065,approximate_corridor,exact_substation_endpoints,HIGH,TECO-66653,Tampa Electric,Transmission Upgrades-69 kV-66653,transmission_upgrade,,69.0,69.0,2026-01-01,2026-01-01,2026-12-31,month,,South Eloise,Sandhill,27.98724072400006,-81.74407045999999,,,27.98724072400006,-81.74407045999999,point,single_substation,MEDIUM,True
DUKE-P0313__TECO-66004,DUKE-P0313,Duke Energy Florida,Osprey to Haines City 230 kV Line,transmission_line,Construction,230,230,,,,year,2023.0,Osprey,Haines City East,28.054078,-81.80763,28.11978,-81.552183,28.086929,-81.6799065,approximate_corridor,exact_substation_endpoints,HIGH,TECO-66004,Tampa Electric,Transmission Upgrades-69 kV-66004,transmission_upgrade,,69.0,69.0,2026-01-01,2026-01-01,2026-12-31,month,,,,,,,,,,,unknown,UNKNOWN,False
DUKE-P0313__TECO-66655,DUKE-P0313,Duke Energy Florida,Osprey to Haines City 230 kV Line,transmission_line,Construction,230,230,,,,year,2023.0,Osprey,Haines City East,28.054078,-81.80763,28.11978,-81.552183,28.086929,-81.6799065,approximate_corridor,exact_substation_endpoints,HIGH,TECO-66655,Tampa Electric,Transmission Upgrades-69 kV-66655,transmission_upgrade,,69.0,69.0,2026-01-01,2026-01-01,2026-12-31,month,,,,,,,,,,,unknown,UNKNOWN,False
DUKE-P0313__TECO-66831,DUKE-P0313,Duke Energy Florida,Osprey to Haines City 230 kV Line,transmission_line,Construction,230,230,,,,year,2023.0,Osprey,Haines City East,28.054078,-81.80763,28.11978,-81.552183,28.086929,-81.6799065,approximate_corridor,exact_substation_endpoints,HIGH,TECO-66831,Tampa Electric,Transmission Upgrades-69 kV-66831,transmission_upgrade,,69.0,69.0,2026-01-01,2026-01-01,2026-12-31,month,,,,,,,,,,,unknown,UNKNOWN,False
DUKE-P0313__TECO-66651,DUKE-P0313,Duke Energy Florida,Osprey to Haines City 230 kV Line,transmission_line,Construction,230,230,,,,year,2023.0,Osprey,Haines City East,28.054078,-81.80763,28.11978,-81.552183,28.086929,-81.6799065,approximate_corridor,exact_substation_endpoints,HIGH,TECO-66651,Tampa Electric,Transmission Upgrades-69 kV-66651,transmission_upgrade,,69.0,69.0,2026-01-01,2026-01-01,2026-12-31,month,,,,,,,,,,,unknown,UNKNOWN,False
DUKE-P0313__TECO-66058,DUKE-P0313,Duke Energy Florida,Osprey to Haines City 230 kV Line,transmission_line,Construction,230,230,,,,year,2023.0,Osprey,Haines City East,28.054078,-81.80763,28.11978,-81.552183,28.086929,-81.6799065,approximate_corridor,exact_substation_endpoints,HIGH,TECO-66058,Tampa Electric,Transmission Upgrades-69 kV-66058,transmission_upgrade,,69.0,69.0,2026-01-01,2026-01-01,2026-12-31,month,,,,,,,,,,,unknown,UNKNOWN,False
DUKE-P0313__TECO-66012,DUKE-P0313,Duke Energy Florida,Osprey to Haines City 230 kV Line,transmission_line,Construction,230,230,,,,year,2023.0,Osprey,Haines City East,28.054078,-81.80763,28.11978,-81.552183,28.086929,-81.6799065,approximate_corridor,exact_substation_endpoints,HIGH,TECO-66012,Tampa Electric,Transmission Upgrades-69 kV-66012,transmission_upgrade,,69.0,69.0,2026-01-01,2026-01-01,2026-12-31,month,,,,,,,,,,,unknown,UNKNOWN,False
DUKE-P0313__TECO-138005,DUKE-P0313,Duke Energy Florida,Osprey to Haines City 230 kV Line,transmission_line,Construction,230,230,,,,year,2023.0,Osprey,Haines City East,28.054078,-81.80763,28.11978,-81.552183,28.086929,-81.6799065,approximate_corridor,exact_substation_endpoints,HIGH,TECO-138005,Tampa Electric,Transmission Upgrades-138/230 kV-138005,transmission_upgrade,,230.0,230.0,2026-01-01,2026-01-01,2026-12-31,month,,Ohio,Clearview,27.977163463000068,-82.49816320399998,27.954757651000023,-82.50206661099998,27.965960557000045,-82.50011490749998,approximate_corridor,exact_substation_endpoints,HIGH,True
DUKE-P0313__TECO-66835,DUKE-P0313,Duke Energy Florida,Osprey to Haines City 230 kV Line,transmission_line,Construction,230,230,,,,year,2023.0,Osprey,Haines City East,28.054078,-81.80763,28.11978,-81.552183,28.086929,-81.6799065,approximate_corridor,exact_substation_endpoints,HIGH,TECO-66835,Tampa Electric,Transmission Upgrades-69 kV-66835,transmission_upgrade,,69.0,69.0,2026-01-01,2026-01-01,2026-12-31,month,,,,,,,,,,,unknown,UNKNOWN,False
DUKE-P0313__TECO-SUB-first-street,DUKE-P0313,Duke Energy Florida,Osprey to Haines City 230 kV Line,transmission_line,Construction,230,230,,,,year,2023.0,Osprey,Haines City East,28.054078,-81.80763,28.11978,-81.552183,28.086929,-81.6799065,approximate_corridor,exact_substation_endpoints,HIGH,TECO-SUB-first-street,Tampa Electric,Substation Extreme Weather Hardening - First Street,substation_hardening,,,,2026-01-01,2026-06-01,2026-10-31,month,,First Street,,,,,,,,,unknown,UNKNOWN,False
DUKE-P0313__TECO-SUB-skyway,DUKE-P0313,Duke Energy Florida,Osprey to Haines City 230 kV Line,transmission_line,Construction,230,230,,,,year,2023.0,Osprey,Haines City East,28.054078,-81.80763,28.11978,-81.552183,28.086929,-81.6799065,approximate_corridor,exact_substation_endpoints,HIGH,TECO-SUB-skyway,Tampa Electric,Substation Extreme Weather Hardening - Skyway,substation_hardening,,,,2026-01-01,2026-06-01,2026-10-31,month,,Skyway,,27.977115643000047,-82.55019121599997,,,27.977115643000047,-82.55019121599997,point,single_substation,HIGH,True
DUKE-P0313__TECO-SUB-lake-agnes,DUKE-P0313,Duke Energy Florida,Osprey to Haines City 230 kV Line,transmission_line,Construction,230,230,,,,year,2023.0,Osprey,Haines City East,28.054078,-81.80763,28.11978,-81.552183,28.086929,-81.6799065,approximate_corridor,exact_substation_endpoints,HIGH,TECO-SUB-lake-agnes,Tampa Electric,Substation Extreme Weather Hardening - Lake Agnes,substation_hardening,,,,2026-01-01,2026-06-01,2026-08-31,month,,Lake Agnes,,28.15503006600005,-81.82700854499996,,,28.15503006600005,-81.82700854499996,point,single_substation,HIGH,True
DUKE-P0313__TECO-SUB-trout-creek,DUKE-P0313,Duke Energy Florida,Osprey to Haines City 230 kV Line,transmission_line,Construction,230,230,,,,year,2023.0,Osprey,Haines City East,28.054078,-81.80763,28.11978,-81.552183,28.086929,-81.6799065,approximate_corridor,exact_substation_endpoints,HIGH,TECO-SUB-trout-creek,Tampa Electric,Substation Extreme Weather Hardening - Trout Creek,substation_hardening,,,,2026-01-01,2026-04-01,2026-07-31,month,,Trout Creek,,,,,,,,,unknown,UNKNOWN,False
DUKE-P0313__TECO-SUB-estuary,DUKE-P0313,Duke Energy Florida,Osprey to Haines City 230 kV Line,transmission_line,Construction,230,230,,,,year,2023.0,Osprey,Haines City East,28.054078,-81.80763,28.11978,-81.552183,28.086929,-81.6799065,approximate_corridor,exact_substation_endpoints,HIGH,TECO-SUB-estuary,Tampa Electric,Substation Extreme Weather Hardening - Estuary,substation_hardening,,,,2026-01-01,2026-06-01,2026-08-31,month,,Estuary,,,,,,,,,unknown,UNKNOWN,False
DUKE-P0314__TECO-66833,DUKE-P0314,Duke Energy Florida,Osprey to Kathleen 230 kV Line,transmission_line,Construction,230,230,,,,year,2025.0,Osprey,Kathleen,28.054078,-81.80763,28.226723,-82.026802,28.1404005,-81.917216,approximate_corridor,exact_substation_endpoints,HIGH,TECO-66833,Tampa Electric,Transmission Upgrades-69 kV-66833,transmission_upgrade,,69.0,69.0,2026-01-01,2026-01-01,2026-12-31,month,,,,,,,,,,,unknown,UNKNOWN,False
DUKE-P0314__TECO-230037,DUKE-P0314,Duke Energy Florida,Osprey to Kathleen 230 kV Line,transmission_line,Construction,230,230,,,,year,2025.0,Osprey,Kathleen,28.054078,-81.80763,28.226723,-82.026802,28.1404005,-81.917216,approximate_corridor,exact_substation_endpoints,HIGH,TECO-230037,Tampa Electric,Transmission Upgrades-138/230 kV-230037,transmission_upgrade,,230.0,230.0,2026-01-01,2026-01-01,2026-12-31,month,,Gannon,Juneau,27.93806919700006,-82.44013826299994,28.02284274300007,-82.48101535599994,27.980455970000065,-82.46057680949994,approximate_corridor,exact_substation_endpoints,HIGH,True
DUKE-P0314__TECO-66653,DUKE-P0314,Duke Energy Florida,Osprey to Kathleen 230 kV Line,transmission_line,Construction,230,230,,,,year,2025.0,Osprey,Kathleen,28.054078,-81.80763,28.226723,-82.026802,28.1404005,-81.917216,approximate_corridor,exact_substation_endpoints,HIGH,TECO-66653,Tampa Electric,Transmission Upgrades-69 kV-66653,transmission_upgrade,,69.0,69.0,2026-01-01,2026-01-01,2026-12-31,month,,South Eloise,Sandhill,27.98724072400006,-81.74407045999999,,,27.98724072400006,-81.74407045999999,point,single_substation,MEDIUM,True
DUKE-P0314__TECO-66004,DUKE-P0314,Duke Energy Florida,Osprey to Kathleen 230 kV Line,transmission_line,Construction,230,230,,,,year,2025.0,Osprey,Kathleen,28.054078,-81.80763,28.226723,-82.026802,28.1404005,-81.917216,approximate_corridor,exact_substation_endpoints,HIGH,TECO-66004,Tampa Electric,Transmission Upgrades-69 kV-66004,transmission_upgrade,,69.0,69.0,2026-01-01,2026-01-01,2026-12-31,month,,,,,,,,,,,unknown,UNKNOWN,False
DUKE-P0314__TECO-66655,DUKE-P0314,Duke Energy Florida,Osprey to Kathleen 230 kV Line,transmission_line,Construction,230,230,,,,year,2025.0,Osprey,Kathleen,28.054078,-81.80763,28.226723,-82.026802,28.1404005,-81.917216,approximate_corridor,exact_substation_endpoints,HIGH,TECO-66655,Tampa Electric,Transmission Upgrades-69 kV-66655,transmission_upgrade,,69.0,69.0,2026-01-01,2026-01-01,2026-12-31,month,,,,,,,,,,,unknown,UNKNOWN,False
DUKE-P0314__TECO-66831,DUKE-P0314,Duke Energy Florida,Osprey to Kathleen 230 kV Line,transmission_line,Construction,230,230,,,,year,2025.0,Osprey,Kathleen,28.054078,-81.80763,28.226723,-82.026802,28.1404005,-81.917216,approximate_corridor,exact_substation_endpoints,HIGH,TECO-66831,Tampa Electric,Transmission Upgrades-69 kV-66831,transmission_upgrade,,69.0,69.0,2026-01-01,2026-01-01,2026-12-31,month,,,,,,,,,,,unknown,UNKNOWN,False
DUKE-P0314__TECO-66651,DUKE-P0314,Duke Energy Florida,Osprey to Kathleen 230 kV Line,transmission_line,Construction,230,230,,,,year,2025.0,Osprey,Kathleen,28.054078,-81.80763,28.226723,-82.026802,28.1404005,-81.917216,approximate_corridor,exact_substation_endpoints,HIGH,TECO-66651,Tampa Electric,Transmission Upgrades-69 kV-66651,transmission_upgrade,,69.0,69.0,2026-01-01,2026-01-01,2026-12-31,month,,,,,,,,,,,unknown,UNKNOWN,False
DUKE-P0314__TECO-66058,DUKE-P0314,Duke Energy Florida,Osprey to Kathleen 230 kV Line,transmission_line,Construction,230,230,,,,year,2025.0,Osprey,Kathleen,28.054078,-81.80763,28.226723,-82.026802,28.1404005,-81.917216,approximate_corridor,exact_substation_endpoints,HIGH,TECO-66058,Tampa Electric,Transmission Upgrades-69 kV-66058,transmission_upgrade,,69.0,69.0,2026-01-01,2026-01-01,2026-12-31,month,,,,,,,,,,,unknown,UNKNOWN,False
DUKE-P0314__TECO-66012,DUKE-P0314,Duke Energy Florida,Osprey to Kathleen 230 kV Line,transmission_line,Construction,230,230,,,,year,2025.0,Osprey,Kathleen,28.054078,-81.80763,28.226723,-82.026802,28.1404005,-81.917216,approximate_corridor,exact_substation_endpoints,HIGH,TECO-66012,Tampa Electric,Transmission Upgrades-69 kV-66012,transmission_upgrade,,69.0,69.0,2026-01-01,2026-01-01,2026-12-31,month,,,,,,,,,,,unknown,UNKNOWN,False
DUKE-P0314__TECO-138005,DUKE-P0314,Duke Energy Florida,Osprey to Kathleen 230 kV Line,transmission_line,Construction,230,230,,,,year,2025.0,Osprey,Kathleen,28.054078,-81.80763,28.226723,-82.026802,28.1404005,-81.917216,approximate_corridor,exact_substation_endpoints,HIGH,TECO-138005,Tampa Electric,Transmission Upgrades-138/230 kV-138005,transmission_upgrade,,230.0,230.0,2026-01-01,2026-01-01,2026-12-31,month,,Ohio,Clearview,27.977163463000068,-82.49816320399998,27.954757651000023,-82.50206661099998,27.965960557000045,-82.50011490749998,approximate_corridor,exact_substation_endpoints,HIGH,True
DUKE-P0314__TECO-66835,DUKE-P0314,Duke Energy Florida,Osprey to Kathleen 230 kV Line,transmission_line,Construction,230,230,,,,year,2025.0,Osprey,Kathleen,28.054078,-81.80763,28.226723,-82.026802,28.1404005,-81.917216,approximate_corridor,exact_substation_endpoints,HIGH,TECO-66835,Tampa Electric,Transmission Upgrades-69 kV-66835,transmission_upgrade,,69.0,69.0,2026-01-01,2026-01-01,2026-12-31,month,,,,,,,,,,,unknown,UNKNOWN,False
DUKE-P0314__TECO-SUB-first-street,DUKE-P0314,Duke Energy Florida,Osprey to Kathleen 230 kV Line,transmission_line,Construction,230,230,,,,year,2025.0,Osprey,Kathleen,28.054078,-81.80763,28.226723,-82.026802,28.1404005,-81.917216,approximate_corridor,exact_substation_endpoints,HIGH,TECO-SUB-first-street,Tampa Electric,Substation Extreme Weather Hardening - First Street,substation_hardening,,,,2026-01-01,2026-06-01,2026-10-31,month,,First Street,,,,,,,,,unknown,UNKNOWN,False
DUKE-P0314__TECO-SUB-skyway,DUKE-P0314,Duke Energy Florida,Osprey to Kathleen 230 kV Line,transmission_line,Construction,230,230,,,,year,2025.0,Osprey,Kathleen,28.054078,-81.80763,28.226723,-82.026802,28.1404005,-81.917216,approximate_corridor,exact_substation_endpoints,HIGH,TECO-SUB-skyway,Tampa Electric,Substation Extreme Weather Hardening - Skyway,substation_hardening,,,,2026-01-01,2026-06-01,2026-10-31,month,,Skyway,,27.977115643000047,-82.55019121599997,,,27.977115643000047,-82.55019121599997,point,single_substation,HIGH,True
DUKE-P0314__TECO-SUB-lake-agnes,DUKE-P0314,Duke Energy Florida,Osprey to Kathleen 230 kV Line,transmission_line,Construction,230,230,,,,year,2025.0,Osprey,Kathleen,28.054078,-81.80763,28.226723,-82.026802,28.1404005,-81.917216,approximate_corridor,exact_substation_endpoints,HIGH,TECO-SUB-lake-agnes,Tampa Electric,Substation Extreme Weather Hardening - Lake Agnes,substation_hardening,,,,2026-01-01,2026-06-01,2026-08-31,month,,Lake Agnes,,28.15503006600005,-81.82700854499996,,,28.15503006600005,-81.82700854499996,point,single_substation,HIGH,True
DUKE-P0314__TECO-SUB-trout-creek,DUKE-P0314,Duke Energy Florida,Osprey to Kathleen 230 kV Line,transmission_line,Construction,230,230,,,,year,2025.0,Osprey,Kathleen,28.054078,-81.80763,28.226723,-82.026802,28.1404005,-81.917216,approximate_corridor,exact_substation_endpoints,HIGH,TECO-SUB-trout-creek,Tampa Electric,Substation Extreme Weather Hardening - Trout Creek,substation_hardening,,,,2026-01-01,2026-04-01,2026-07-31,month,,Trout Creek,,,,,,,,,unknown,UNKNOWN,False
DUKE-P0314__TECO-SUB-estuary,DUKE-P0314,Duke Energy Florida,Osprey to Kathleen 230 kV Line,transmission_line,Construction,230,230,,,,year,2025.0,Osprey,Kathleen,28.054078,-81.80763,28.226723,-82.026802,28.1404005,-81.917216,approximate_corridor,exact_substation_endpoints,HIGH,TECO-SUB-estuary,Tampa Electric,Substation Extreme Weather Hardening - Estuary,substation_hardening,,,,2026-01-01,2026-06-01,2026-08-31,month,,Estuary,,,,,,,,,unknown,UNKNOWN,False
DUKE-P0320__TECO-66833,DUKE-P0320,Duke Energy Florida,Piedmont - Wekiva Transmission Reliability Enhancement Project,transmission_upgrade,,230,230,,,,year,2026.0,Piedmont,Wekiva,28.672882,-81.455208,28.702444,-81.416959,28.687663,-81.4360835,approximate_corridor,exact_substation_endpoints,HIGH,TECO-66833,Tampa Electric,Transmission Upgrades-69 kV-66833,transmission_upgrade,,69.0,69.0,2026-01-01,2026-01-01,2026-12-31,month,,,,,,,,,,,unknown,UNKNOWN,False
DUKE-P0320__TECO-230037,DUKE-P0320,Duke Energy Florida,Piedmont - Wekiva Transmission Reliability Enhancement Project,transmission_upgrade,,230,230,,,,year,2026.0,Piedmont,Wekiva,28.672882,-81.455208,28.702444,-81.416959,28.687663,-81.4360835,approximate_corridor,exact_substation_endpoints,HIGH,TECO-230037,Tampa Electric,Transmission Upgrades-138/230 kV-230037,transmission_upgrade,,230.0,230.0,2026-01-01,2026-01-01,2026-12-31,month,,Gannon,Juneau,27.93806919700006,-82.44013826299994,28.02284274300007,-82.48101535599994,27.980455970000065,-82.46057680949994,approximate_corridor,exact_substation_endpoints,HIGH,True
DUKE-P0320__TECO-66653,DUKE-P0320,Duke Energy Florida,Piedmont - Wekiva Transmission Reliability Enhancement Project,transmission_upgrade,,230,230,,,,year,2026.0,Piedmont,Wekiva,28.672882,-81.455208,28.702444,-81.416959,28.687663,-81.4360835,approximate_corridor,exact_substation_endpoints,HIGH,TECO-66653,Tampa Electric,Transmission Upgrades-69 kV-66653,transmission_upgrade,,69.0,69.0,2026-01-01,2026-01-01,2026-12-31,month,,South Eloise,Sandhill,27.98724072400006,-81.74407045999999,,,27.98724072400006,-81.74407045999999,point,single_substation,MEDIUM,True
DUKE-P0320__TECO-66004,DUKE-P0320,Duke Energy Florida,Piedmont - Wekiva Transmission Reliability Enhancement Project,transmission_upgrade,,230,230,,,,year,2026.0,Piedmont,Wekiva,28.672882,-81.455208,28.702444,-81.416959,28.687663,-81.4360835,approximate_corridor,exact_substation_endpoints,HIGH,TECO-66004,Tampa Electric,Transmission Upgrades-69 kV-66004,transmission_upgrade,,69.0,69.0,2026-01-01,2026-01-01,2026-12-31,month,,,,,,,,,,,unknown,UNKNOWN,False
DUKE-P0320__TECO-66655,DUKE-P0320,Duke Energy Florida,Piedmont - Wekiva Transmission Reliability Enhancement Project,transmission_upgrade,,230,230,,,,year,2026.0,Piedmont,Wekiva,28.672882,-81.455208,28.702444,-81.416959,28.687663,-81.4360835,approximate_corridor,exact_substation_endpoints,HIGH,TECO-66655,Tampa Electric,Transmission Upgrades-69 kV-66655,transmission_upgrade,,69.0,69.0,2026-01-01,2026-01-01,2026-12-31,month,,,,,,,,,,,unknown,UNKNOWN,False
DUKE-P0320__TECO-66831,DUKE-P0320,Duke Energy Florida,Piedmont - Wekiva Transmission Reliability Enhancement Project,transmission_upgrade,,230,230,,,,year,2026.0,Piedmont,Wekiva,28.672882,-81.455208,28.702444,-81.416959,28.687663,-81.4360835,approximate_corridor,exact_substation_endpoints,HIGH,TECO-66831,Tampa Electric,Transmission Upgrades-69 kV-66831,transmission_upgrade,,69.0,69.0,2026-01-01,2026-01-01,2026-12-31,month,,,,,,,,,,,unknown,UNKNOWN,False
DUKE-P0320__TECO-66651,DUKE-P0320,Duke Energy Florida,Piedmont - Wekiva Transmission Reliability Enhancement Project,transmission_upgrade,,230,230,,,,year,2026.0,Piedmont,Wekiva,28.672882,-81.455208,28.702444,-81.416959,28.687663,-81.4360835,approximate_corridor,exact_substation_endpoints,HIGH,TECO-66651,Tampa Electric,Transmission Upgrades-69 kV-66651,transmission_upgrade,,69.0,69.0,2026-01-01,2026-01-01,2026-12-31,month,,,,,,,,,,,unknown,UNKNOWN,False
DUKE-P0320__TECO-66058,DUKE-P0320,Duke Energy Florida,Piedmont - Wekiva Transmission Reliability Enhancement Project,transmission_upgrade,,230,230,,,,year,2026.0,Piedmont,Wekiva,28.672882,-81.455208,28.702444,-81.416959,28.687663,-81.4360835,approximate_corridor,exact_substation_endpoints,HIGH,TECO-66058,Tampa Electric,Transmission Upgrades-69 kV-66058,transmission_upgrade,,69.0,69.0,2026-01-01,2026-01-01,2026-12-31,month,,,,,,,,,,,unknown,UNKNOWN,False
DUKE-P0320__TECO-66012,DUKE-P0320,Duke Energy Florida,Piedmont - Wekiva Transmission Reliability Enhancement Project,transmission_upgrade,,230,230,,,,year,2026.0,Piedmont,Wekiva,28.672882,-81.455208,28.702444,-81.416959,28.687663,-81.4360835,approximate_corridor,exact_substation_endpoints,HIGH,TECO-66012,Tampa Electric,Transmission Upgrades-69 kV-66012,transmission_upgrade,,69.0,69.0,2026-01-01,2026-01-01,2026-12-31,month,,,,,,,,,,,unknown,UNKNOWN,False
DUKE-P0320__TECO-138005,DUKE-P0320,Duke Energy Florida,Piedmont - Wekiva Transmission Reliability Enhancement Project,transmission_upgrade,,230,230,,,,year,2026.0,Piedmont,Wekiva,28.672882,-81.455208,28.702444,-81.416959,28.687663,-81.4360835,approximate_corridor,exact_substation_endpoints,HIGH,TECO-138005,Tampa Electric,Transmission Upgrades-138/230 kV-138005,transmission_upgrade,,230.0,230.0,2026-01-01,2026-01-01,2026-12-31,month,,Ohio,Clearview,27.977163463000068,-82.49816320399998,27.954757651000023,-82.50206661099998,27.965960557000045,-82.50011490749998,approximate_corridor,exact_substation_endpoints,HIGH,True
DUKE-P0320__TECO-66835,DUKE-P0320,Duke Energy Florida,Piedmont - Wekiva Transmission Reliability Enhancement Project,transmission_upgrade,,230,230,,,,year,2026.0,Piedmont,Wekiva,28.672882,-81.455208,28.702444,-81.416959,28.687663,-81.4360835,approximate_corridor,exact_substation_endpoints,HIGH,TECO-66835,Tampa Electric,Transmission Upgrades-69 kV-66835,transmission_upgrade,,69.0,69.0,2026-01-01,2026-01-01,2026-12-31,month,,,,,,,,,,,unknown,UNKNOWN,False
DUKE-P0320__TECO-SUB-first-street,DUKE-P0320,Duke Energy Florida,Piedmont - Wekiva Transmission Reliability Enhancement Project,transmission_upgrade,,230,230,,,,year,2026.0,Piedmont,Wekiva,28.672882,-81.455208,28.702444,-81.416959,28.687663,-81.4360835,approximate_corridor,exact_substation_endpoints,HIGH,TECO-SUB-first-street,Tampa Electric,Substation Extreme Weather Hardening - First Street,substation_hardening,,,,2026-01-01,2026-06-01,2026-10-31,month,,First Street,,,,,,,,,unknown,UNKNOWN,False
DUKE-P0320__TECO-SUB-skyway,DUKE-P0320,Duke Energy Florida,Piedmont - Wekiva Transmission Reliability Enhancement Project,transmission_upgrade,,230,230,,,,year,2026.0,Piedmont,Wekiva,28.672882,-81.455208,28.702444,-81.416959,28.687663,-81.4360835,approximate_corridor,exact_substation_endpoints,HIGH,TECO-SUB-skyway,Tampa Electric,Substation Extreme Weather Hardening - Skyway,substation_hardening,,,,2026-01-01,2026-06-01,2026-10-31,month,,Skyway,,27.977115643000047,-82.55019121599997,,,27.977115643000047,-82.55019121599997,point,single_substation,HIGH,True
DUKE-P0320__TECO-SUB-lake-agnes,DUKE-P0320,Duke Energy Florida,Piedmont - Wekiva Transmission Reliability Enhancement Project,transmission_upgrade,,230,230,,,,year,2026.0,Piedmont,Wekiva,28.672882,-81.455208,28.702444,-81.416959,28.687663,-81.4360835,approximate_corridor,exact_substation_endpoints,HIGH,TECO-SUB-lake-agnes,Tampa Electric,Substation Extreme Weather Hardening - Lake Agnes,substation_hardening,,,,2026-01-01,2026-06-01,2026-08-31,month,,Lake Agnes,,28.15503006600005,-81.82700854499996,,,28.15503006600005,-81.82700854499996,point,single_substation,HIGH,True
DUKE-P0320__TECO-SUB-trout-creek,DUKE-P0320,Duke Energy Florida,Piedmont - Wekiva Transmission Reliability Enhancement Project,transmission_upgrade,,230,230,,,,year,2026.0,Piedmont,Wekiva,28.672882,-81.455208,28.702444,-81.416959,28.687663,-81.4360835,approximate_corridor,exact_substation_endpoints,HIGH,TECO-SUB-trout-creek,Tampa Electric,Substation Extreme Weather Hardening - Trout Creek,substation_hardening,,,,2026-01-01,2026-04-01,2026-07-31,month,,Trout Creek,,,,,,,,,unknown,UNKNOWN,False
DUKE-P0320__TECO-SUB-estuary,DUKE-P0320,Duke Energy Florida,Piedmont - Wekiva Transmission Reliability Enhancement Project,transmission_upgrade,,230,230,,,,year,2026.0,Piedmont,Wekiva,28.672882,-81.455208,28.702444,-81.416959,28.687663,-81.4360835,approximate_corridor,exact_substation_endpoints,HIGH,TECO-SUB-estuary,Tampa Electric,Substation Extreme Weather Hardening - Estuary,substation_hardening,,,,2026-01-01,2026-06-01,2026-08-31,month,,Estuary,,,,,,,,,unknown,UNKNOWN,False
DUKE-P0429__TECO-66833,DUKE-P0429,Duke Energy Florida,Ross Praire to Shaw Transmission Project,transmission_line,"Engineering, design, and routing",230,230,,,,year,2026.0,Ross Prairie,Red Oak Electric / Shaw,29.005192,-82.262092,29.145445,-82.183735,29.0753185,-82.2229135,approximate_corridor,exact_substation_endpoints,HIGH,TECO-66833,Tampa Electric,Transmission Upgrades-69 kV-66833,transmission_upgrade,,69.0,69.0,2026-01-01,2026-01-01,2026-12-31,month,,,,,,,,,,,unknown,UNKNOWN,False
DUKE-P0429__TECO-230037,DUKE-P0429,Duke Energy Florida,Ross Praire to Shaw Transmission Project,transmission_line,"Engineering, design, and routing",230,230,,,,year,2026.0,Ross Prairie,Red Oak Electric / Shaw,29.005192,-82.262092,29.145445,-82.183735,29.0753185,-82.2229135,approximate_corridor,exact_substation_endpoints,HIGH,TECO-230037,Tampa Electric,Transmission Upgrades-138/230 kV-230037,transmission_upgrade,,230.0,230.0,2026-01-01,2026-01-01,2026-12-31,month,,Gannon,Juneau,27.93806919700006,-82.44013826299994,28.02284274300007,-82.48101535599994,27.980455970000065,-82.46057680949994,approximate_corridor,exact_substation_endpoints,HIGH,True
DUKE-P0429__TECO-66653,DUKE-P0429,Duke Energy Florida,Ross Praire to Shaw Transmission Project,transmission_line,"Engineering, design, and routing",230,230,,,,year,2026.0,Ross Prairie,Red Oak Electric / Shaw,29.005192,-82.262092,29.145445,-82.183735,29.0753185,-82.2229135,approximate_corridor,exact_substation_endpoints,HIGH,TECO-66653,Tampa Electric,Transmission Upgrades-69 kV-66653,transmission_upgrade,,69.0,69.0,2026-01-01,2026-01-01,2026-12-31,month,,South Eloise,Sandhill,27.98724072400006,-81.74407045999999,,,27.98724072400006,-81.74407045999999,point,single_substation,MEDIUM,True
DUKE-P0429__TECO-66004,DUKE-P0429,Duke Energy Florida,Ross Praire to Shaw Transmission Project,transmission_line,"Engineering, design, and routing",230,230,,,,year,2026.0,Ross Prairie,Red Oak Electric / Shaw,29.005192,-82.262092,29.145445,-82.183735,29.0753185,-82.2229135,approximate_corridor,exact_substation_endpoints,HIGH,TECO-66004,Tampa Electric,Transmission Upgrades-69 kV-66004,transmission_upgrade,,69.0,69.0,2026-01-01,2026-01-01,2026-12-31,month,,,,,,,,,,,unknown,UNKNOWN,False
DUKE-P0429__TECO-66655,DUKE-P0429,Duke Energy Florida,Ross Praire to Shaw Transmission Project,transmission_line,"Engineering, design, and routing",230,230,,,,year,2026.0,Ross Prairie,Red Oak Electric / Shaw,29.005192,-82.262092,29.145445,-82.183735,29.0753185,-82.2229135,approximate_corridor,exact_substation_endpoints,HIGH,TECO-66655,Tampa Electric,Transmission Upgrades-69 kV-66655,transmission_upgrade,,69.0,69.0,2026-01-01,2026-01-01,2026-12-31,month,,,,,,,,,,,unknown,UNKNOWN,False
DUKE-P0429__TECO-66831,DUKE-P0429,Duke Energy Florida,Ross Praire to Shaw Transmission Project,transmission_line,"Engineering, design, and routing",230,230,,,,year,2026.0,Ross Prairie,Red Oak Electric / Shaw,29.005192,-82.262092,29.145445,-82.183735,29.0753185,-82.2229135,approximate_corridor,exact_substation_endpoints,HIGH,TECO-66831,Tampa Electric,Transmission Upgrades-69 kV-66831,transmission_upgrade,,69.0,69.0,2026-01-01,2026-01-01,2026-12-31,month,,,,,,,,,,,unknown,UNKNOWN,False
DUKE-P0429__TECO-66651,DUKE-P0429,Duke Energy Florida,Ross Praire to Shaw Transmission Project,transmission_line,"Engineering, design, and routing",230,230,,,,year,2026.0,Ross Prairie,Red Oak Electric / Shaw,29.005192,-82.262092,29.145445,-82.183735,29.0753185,-82.2229135,approximate_corridor,exact_substation_endpoints,HIGH,TECO-66651,Tampa Electric,Transmission Upgrades-69 kV-66651,transmission_upgrade,,69.0,69.0,2026-01-01,2026-01-01,2026-12-31,month,,,,,,,,,,,unknown,UNKNOWN,False
DUKE-P0429__TECO-66058,DUKE-P0429,Duke Energy Florida,Ross Praire to Shaw Transmission Project,transmission_line,"Engineering, design, and routing",230,230,,,,year,2026.0,Ross Prairie,Red Oak Electric / Shaw,29.005192,-82.262092,29.145445,-82.183735,29.0753185,-82.2229135,approximate_corridor,exact_substation_endpoints,HIGH,TECO-66058,Tampa Electric,Transmission Upgrades-69 kV-66058,transmission_upgrade,,69.0,69.0,2026-01-01,2026-01-01,2026-12-31,month,,,,,,,,,,,unknown,UNKNOWN,False
DUKE-P0429__TECO-66012,DUKE-P0429,Duke Energy Florida,Ross Praire to Shaw Transmission Project,transmission_line,"Engineering, design, and routing",230,230,,,,year,2026.0,Ross Prairie,Red Oak Electric / Shaw,29.005192,-82.262092,29.145445,-82.183735,29.0753185,-82.2229135,approximate_corridor,exact_substation_endpoints,HIGH,TECO-66012,Tampa Electric,Transmission Upgrades-69 kV-66012,transmission_upgrade,,69.0,69.0,2026-01-01,2026-01-01,2026-12-31,month,,,,,,,,,,,unknown,UNKNOWN,False
DUKE-P0429__TECO-138005,DUKE-P0429,Duke Energy Florida,Ross Praire to Shaw Transmission Project,transmission_line,"Engineering, design, and routing",230,230,,,,year,2026.0,Ross Prairie,Red Oak Electric / Shaw,29.005192,-82.262092,29.145445,-82.183735,29.0753185,-82.2229135,approximate_corridor,exact_substation_endpoints,HIGH,TECO-138005,Tampa Electric,Transmission Upgrades-138/230 kV-138005,transmission_upgrade,,230.0,230.0,2026-01-01,2026-01-01,2026-12-31,month,,Ohio,Clearview,27.977163463000068,-82.49816320399998,27.954757651000023,-82.50206661099998,27.965960557000045,-82.50011490749998,approximate_corridor,exact_substation_endpoints,HIGH,True
DUKE-P0429__TECO-66835,DUKE-P0429,Duke Energy Florida,Ross Praire to Shaw Transmission Project,transmission_line,"Engineering, design, and routing",230,230,,,,year,2026.0,Ross Prairie,Red Oak Electric / Shaw,29.005192,-82.262092,29.145445,-82.183735,29.0753185,-82.2229135,approximate_corridor,exact_substation_endpoints,HIGH,TECO-66835,Tampa Electric,Transmission Upgrades-69 kV-66835,transmission_upgrade,,69.0,69.0,2026-01-01,2026-01-01,2026-12-31,month,,,,,,,,,,,unknown,UNKNOWN,False
DUKE-P0429__TECO-SUB-first-street,DUKE-P0429,Duke Energy Florida,Ross Praire to Shaw Transmission Project,transmission_line,"Engineering, design, and routing",230,230,,,,year,2026.0,Ross Prairie,Red Oak Electric / Shaw,29.005192,-82.262092,29.145445,-82.183735,29.0753185,-82.2229135,approximate_corridor,exact_substation_endpoints,HIGH,TECO-SUB-first-street,Tampa Electric,Substation Extreme Weather Hardening - First Street,substation_hardening,,,,2026-01-01,2026-06-01,2026-10-31,month,,First Street,,,,,,,,,unknown,UNKNOWN,False
DUKE-P0429__TECO-SUB-skyway,DUKE-P0429,Duke Energy Florida,Ross Praire to Shaw Transmission Project,transmission_line,"Engineering, design, and routing",230,230,,,,year,2026.0,Ross Prairie,Red Oak Electric / Shaw,29.005192,-82.262092,29.145445,-82.183735,29.0753185,-82.2229135,approximate_corridor,exact_substation_endpoints,HIGH,TECO-SUB-skyway,Tampa Electric,Substation Extreme Weather Hardening - Skyway,substation_hardening,,,,2026-01-01,2026-06-01,2026-10-31,month,,Skyway,,27.977115643000047,-82.55019121599997,,,27.977115643000047,-82.55019121599997,point,single_substation,HIGH,True
DUKE-P0429__TECO-SUB-lake-agnes,DUKE-P0429,Duke Energy Florida,Ross Praire to Shaw Transmission Project,transmission_line,"Engineering, design, and routing",230,230,,,,year,2026.0,Ross Prairie,Red Oak Electric / Shaw,29.005192,-82.262092,29.145445,-82.183735,29.0753185,-82.2229135,approximate_corridor,exact_substation_endpoints,HIGH,TECO-SUB-lake-agnes,Tampa Electric,Substation Extreme Weather Hardening - Lake Agnes,substation_hardening,,,,2026-01-01,2026-06-01,2026-08-31,month,,Lake Agnes,,28.15503006600005,-81.82700854499996,,,28.15503006600005,-81.82700854499996,point,single_substation,HIGH,True
DUKE-P0429__TECO-SUB-trout-creek,DUKE-P0429,Duke Energy Florida,Ross Praire to Shaw Transmission Project,transmission_line,"Engineering, design, and routing",230,230,,,,year,2026.0,Ross Prairie,Red Oak Electric / Shaw,29.005192,-82.262092,29.145445,-82.183735,29.0753185,-82.2229135,approximate_corridor,exact_substation_endpoints,HIGH,TECO-SUB-trout-creek,Tampa Electric,Substation Extreme Weather Hardening - Trout Creek,substation_hardening,,,,2026-01-01,2026-04-01,2026-07-31,month,,Trout Creek,,,,,,,,,unknown,UNKNOWN,False
DUKE-P0429__TECO-SUB-estuary,DUKE-P0429,Duke Energy Florida,Ross Praire to Shaw Transmission Project,transmission_line,"Engineering, design, and routing",230,230,,,,year,2026.0,Ross Prairie,Red Oak Electric / Shaw,29.005192,-82.262092,29.145445,-82.183735,29.0753185,-82.2229135,approximate_corridor,exact_substation_endpoints,HIGH,TECO-SUB-estuary,Tampa Electric,Substation Extreme Weather Hardening - Estuary,substation_hardening,,,,2026-01-01,2026-06-01,2026-08-31,month,,Estuary,,,,,,,,,unknown,UNKNOWN,False
DUKE-P0538__TECO-66833,DUKE-P0538,Duke Energy Florida,DeLand West - Dona Vista 230 kV,transmission_line,Permitting,230,230,,,,year,2029.0,Deland West,Dona Vista,29.0149,-81.372157,28.876264,-81.69044,28.945582,-81.53129849999999,approximate_corridor,exact_substation_endpoints,HIGH,TECO-66833,Tampa Electric,Transmission Upgrades-69 kV-66833,transmission_upgrade,,69.0,69.0,2026-01-01,2026-01-01,2026-12-31,month,,,,,,,,,,,unknown,UNKNOWN,False
DUKE-P0538__TECO-230037,DUKE-P0538,Duke Energy Florida,DeLand West - Dona Vista 230 kV,transmission_line,Permitting,230,230,,,,year,2029.0,Deland West,Dona Vista,29.0149,-81.372157,28.876264,-81.69044,28.945582,-81.53129849999999,approximate_corridor,exact_substation_endpoints,HIGH,TECO-230037,Tampa Electric,Transmission Upgrades-138/230 kV-230037,transmission_upgrade,,230.0,230.0,2026-01-01,2026-01-01,2026-12-31,month,,Gannon,Juneau,27.93806919700006,-82.44013826299994,28.02284274300007,-82.48101535599994,27.980455970000065,-82.46057680949994,approximate_corridor,exact_substation_endpoints,HIGH,True
DUKE-P0538__TECO-66653,DUKE-P0538,Duke Energy Florida,DeLand West - Dona Vista 230 kV,transmission_line,Permitting,230,230,,,,year,2029.0,Deland West,Dona Vista,29.0149,-81.372157,28.876264,-81.69044,28.945582,-81.53129849999999,approximate_corridor,exact_substation_endpoints,HIGH,TECO-66653,Tampa Electric,Transmission Upgrades-69 kV-66653,transmission_upgrade,,69.0,69.0,2026-01-01,2026-01-01,2026-12-31,month,,South Eloise,Sandhill,27.98724072400006,-81.74407045999999,,,27.98724072400006,-81.74407045999999,point,single_substation,MEDIUM,True
DUKE-P0538__TECO-66004,DUKE-P0538,Duke Energy Florida,DeLand West - Dona Vista 230 kV,transmission_line,Permitting,230,230,,,,year,2029.0,Deland West,Dona Vista,29.0149,-81.372157,28.876264,-81.69044,28.945582,-81.53129849999999,approximate_corridor,exact_substation_endpoints,HIGH,TECO-66004,Tampa Electric,Transmission Upgrades-69 kV-66004,transmission_upgrade,,69.0,69.0,2026-01-01,2026-01-01,2026-12-31,month,,,,,,,,,,,unknown,UNKNOWN,False
DUKE-P0538__TECO-66655,DUKE-P0538,Duke Energy Florida,DeLand West - Dona Vista 230 kV,transmission_line,Permitting,230,230,,,,year,2029.0,Deland West,Dona Vista,29.0149,-81.372157,28.876264,-81.69044,28.945582,-81.53129849999999,approximate_corridor,exact_substation_endpoints,HIGH,TECO-66655,Tampa Electric,Transmission Upgrades-69 kV-66655,transmission_upgrade,,69.0,69.0,2026-01-01,2026-01-01,2026-12-31,month,,,,,,,,,,,unknown,UNKNOWN,False
DUKE-P0538__TECO-66831,DUKE-P0538,Duke Energy Florida,DeLand West - Dona Vista 230 kV,transmission_line,Permitting,230,230,,,,year,2029.0,Deland West,Dona Vista,29.0149,-81.372157,28.876264,-81.69044,28.945582,-81.53129849999999,approximate_corridor,exact_substation_endpoints,HIGH,TECO-66831,Tampa Electric,Transmission Upgrades-69 kV-66831,transmission_upgrade,,69.0,69.0,2026-01-01,2026-01-01,2026-12-31,month,,,,,,,,,,,unknown,UNKNOWN,False
DUKE-P0538__TECO-66651,DUKE-P0538,Duke Energy Florida,DeLand West - Dona Vista 230 kV,transmission_line,Permitting,230,230,,,,year,2029.0,Deland West,Dona Vista,29.0149,-81.372157,28.876264,-81.69044,28.945582,-81.53129849999999,approximate_corridor,exact_substation_endpoints,HIGH,TECO-66651,Tampa Electric,Transmission Upgrades-69 kV-66651,transmission_upgrade,,69.0,69.0,2026-01-01,2026-01-01,2026-12-31,month,,,,,,,,,,,unknown,UNKNOWN,False
DUKE-P0538__TECO-66058,DUKE-P0538,Duke Energy Florida,DeLand West - Dona Vista 230 kV,transmission_line,Permitting,230,230,,,,year,2029.0,Deland West,Dona Vista,29.0149,-81.372157,28.876264,-81.69044,28.945582,-81.53129849999999,approximate_corridor,exact_substation_endpoints,HIGH,TECO-66058,Tampa Electric,Transmission Upgrades-69 kV-66058,transmission_upgrade,,69.0,69.0,2026-01-01,2026-01-01,2026-12-31,month,,,,,,,,,,,unknown,UNKNOWN,False
DUKE-P0538__TECO-66012,DUKE-P0538,Duke Energy Florida,DeLand West - Dona Vista 230 kV,transmission_line,Permitting,230,230,,,,year,2029.0,Deland West,Dona Vista,29.0149,-81.372157,28.876264,-81.69044,28.945582,-81.53129849999999,approximate_corridor,exact_substation_endpoints,HIGH,TECO-66012,Tampa Electric,Transmission Upgrades-69 kV-66012,transmission_upgrade,,69.0,69.0,2026-01-01,2026-01-01,2026-12-31,month,,,,,,,,,,,unknown,UNKNOWN,False
DUKE-P0538__TECO-138005,DUKE-P0538,Duke Energy Florida,DeLand West - Dona Vista 230 kV,transmission_line,Permitting,230,230,,,,year,2029.0,Deland West,Dona Vista,29.0149,-81.372157,28.876264,-81.69044,28.945582,-81.53129849999999,approximate_corridor,exact_substation_endpoints,HIGH,TECO-138005,Tampa Electric,Transmission Upgrades-138/230 kV-138005,transmission_upgrade,,230.0,230.0,2026-01-01,2026-01-01,2026-12-31,month,,Ohio,Clearview,27.977163463000068,-82.49816320399998,27.954757651000023,-82.50206661099998,27.965960557000045,-82.50011490749998,approximate_corridor,exact_substation_endpoints,HIGH,True
DUKE-P0538__TECO-66835,DUKE-P0538,Duke Energy Florida,DeLand West - Dona Vista 230 kV,transmission_line,Permitting,230,230,,,,year,2029.0,Deland West,Dona Vista,29.0149,-81.372157,28.876264,-81.69044,28.945582,-81.53129849999999,approximate_corridor,exact_substation_endpoints,HIGH,TECO-66835,Tampa Electric,Transmission Upgrades-69 kV-66835,transmission_upgrade,,69.0,69.0,2026-01-01,2026-01-01,2026-12-31,month,,,,,,,,,,,unknown,UNKNOWN,False
DUKE-P0538__TECO-SUB-first-street,DUKE-P0538,Duke Energy Florida,DeLand West - Dona Vista 230 kV,transmission_line,Permitting,230,230,,,,year,2029.0,Deland West,Dona Vista,29.0149,-81.372157,28.876264,-81.69044,28.945582,-81.53129849999999,approximate_corridor,exact_substation_endpoints,HIGH,TECO-SUB-first-street,Tampa Electric,Substation Extreme Weather Hardening - First Street,substation_hardening,,,,2026-01-01,2026-06-01,2026-10-31,month,,First Street,,,,,,,,,unknown,UNKNOWN,False
DUKE-P0538__TECO-SUB-skyway,DUKE-P0538,Duke Energy Florida,DeLand West - Dona Vista 230 kV,transmission_line,Permitting,230,230,,,,year,2029.0,Deland West,Dona Vista,29.0149,-81.372157,28.876264,-81.69044,28.945582,-81.53129849999999,approximate_corridor,exact_substation_endpoints,HIGH,TECO-SUB-skyway,Tampa Electric,Substation Extreme Weather Hardening - Skyway,substation_hardening,,,,2026-01-01,2026-06-01,2026-10-31,month,,Skyway,,27.977115643000047,-82.55019121599997,,,27.977115643000047,-82.55019121599997,point,single_substation,HIGH,True
DUKE-P0538__TECO-SUB-lake-agnes,DUKE-P0538,Duke Energy Florida,DeLand West - Dona Vista 230 kV,transmission_line,Permitting,230,230,,,,year,2029.0,Deland West,Dona Vista,29.0149,-81.372157,28.876264,-81.69044,28.945582,-81.53129849999999,approximate_corridor,exact_substation_endpoints,HIGH,TECO-SUB-lake-agnes,Tampa Electric,Substation Extreme Weather Hardening - Lake Agnes,substation_hardening,,,,2026-01-01,2026-06-01,2026-08-31,month,,Lake Agnes,,28.15503006600005,-81.82700854499996,,,28.15503006600005,-81.82700854499996,point,single_substation,HIGH,True
DUKE-P0538__TECO-SUB-trout-creek,DUKE-P0538,Duke Energy Florida,DeLand West - Dona Vista 230 kV,transmission_line,Permitting,230,230,,,,year,2029.0,Deland West,Dona Vista,29.0149,-81.372157,28.876264,-81.69044,28.945582,-81.53129849999999,approximate_corridor,exact_substation_endpoints,HIGH,TECO-SUB-trout-creek,Tampa Electric,Substation Extreme Weather Hardening - Trout Creek,substation_hardening,,,,2026-01-01,2026-04-01,2026-07-31,month,,Trout Creek,,,,,,,,,unknown,UNKNOWN,False
DUKE-P0538__TECO-SUB-estuary,DUKE-P0538,Duke Energy Florida,DeLand West - Dona Vista 230 kV,transmission_line,Permitting,230,230,,,,year,2029.0,Deland West,Dona Vista,29.0149,-81.372157,28.876264,-81.69044,28.945582,-81.53129849999999,approximate_corridor,exact_substation_endpoints,HIGH,TECO-SUB-estuary,Tampa Electric,Substation Extreme Weather Hardening - Estuary,substation_hardening,,,,2026-01-01,2026-06-01,2026-08-31,month,,Estuary,,,,,,,,,unknown,UNKNOWN,False
