project_id,utility,owner_original,ownership_confidence,ownership_note,project_name,project_type,change_type,status,status_last_updated,voltage_min_kv,voltage_max_kv,estimated_in_service_year,project_start,construction_start,project_end,date_precision,from_substation,to_substation,from_lat,from_lon,to_lat,to_lon,mid_lat,mid_lon,geometry_type,location_method,location_confidence,unresolved_reason,related_substations,length_miles,length_source,state,origin_substation_raw,destination_substation_raw,source_project_id,source_record_id,project_source,source_url,geography_source,data_type
DUKE-P0017,Duke Energy Florida,Dominion Energy,MEDIUM,"Owner column reads 'Dominion Energy' but the source link is hosted on duke-energy.com; treated as Duke on that evidence, original owner preserved. Needs manual review.",Archer Reliability Upgrade Projects,transmission_upgrade,Upgrade,,,230,230,,,,,,Archer,Newberry / Haile Tap,29.557945,-82.505377,29.669628,-82.594321,29.6137865,-82.549849,approximate_corridor,exact_substation_endpoints,HIGH,,"Archer, Newberry / Haile Tap",10,Estimated,FL,Archer,Newberry / Haile Tap,P-0017,R-0019,"Our Grid Future Planned Transmission Projects National Database, June 2026, 'Planned Transmission Projects' sheet",https://www.duke-energy.com/-/media/pdfs/233036-archer-reliability-project-map.pdf?rev=cc620b18e2874e079f34d9f027af79c6,"Our Grid Future Planned Transmission Projects National Database, June 2026, 'Substations in Planned Projects' sheet (S-0376, S-0383)",public
DUKE-P0062,Duke Energy Florida,Duke Energy,HIGH,,"Brooksville West, Mondon Hill, Bushnell East",transmission_upgrade,Upgrade,Construction,2025-02-11,115,230,2025,,,,year,Brooksville West,Bushnell East,28.527853,-82.500611,28.671774,-82.099225,28.5998135,-82.299918,approximate_corridor,exact_substation_endpoints,HIGH,,"Brooksville West, Mondon Hill, Bushnell East",30,Estimated,FL,Brooksville West,Bushnell East,P-0062,R-0065,"Our Grid Future Planned Transmission Projects National Database, June 2026, 'Planned Transmission Projects' sheet",https://www.duke-energy.com/our-company/about-us/electric-transmission-projects/mondon-hill,"Our Grid Future Planned Transmission Projects National Database, June 2026, 'Substations in Planned Projects' sheet (S-0348, S-0392)",public
DUKE-P0132,Duke Energy Florida,Duke Energy,HIGH,,Disston to Largo Transmission Upgrade,transmission_upgrade,Rebuild; Upgrade,Construction,2025-01-29,230,230,2027,,,,year,Disston,Largo,27.829953,-82.704029,27.913561,-82.7728,27.871757000000002,-82.7384145,approximate_corridor,exact_substation_endpoints,HIGH,,"Disston, Largo",11.5,Reported,FL,Disston,Largo,P-0132,R-0155,"Our Grid Future Planned Transmission Projects National Database, June 2026, 'Planned Transmission Projects' sheet",https://www.duke-energy.com/our-company/about-us/electric-transmission-projects/pinellas-county-reliability-program/disston-to-largo,"Our Grid Future Planned Transmission Projects National Database, June 2026, 'Substations in Planned Projects' sheet (S-0028, S-0386)",public
DUKE-P0246,Duke Energy Florida,Duke Energy,HIGH,,Marion - Levy - Alachua Reliability Projects,transmission_upgrade,Rebuild,Construction,2025-01-29,230,230,2027,,,,year,Archer,Silver Springs North,29.557945,-82.505377,29.229345,-82.078411,29.393645,-82.291894,approximate_corridor,exact_substation_endpoints,HIGH,,"Archer, Williston, Martin West, Silver Springs North",33,Reported,FL,Archer,Silver Springs North,P-0246,R-0290,"Our Grid Future Planned Transmission Projects National Database, June 2026, 'Planned Transmission Projects' sheet",https://www.duke-energy.com/our-company/about-us/electric-transmission-projects/marion-levy-alachua,"Our Grid Future Planned Transmission Projects National Database, June 2026, 'Substations in Planned Projects' sheet (S-0376, S-0384)",public
DUKE-P0288,Duke Energy Florida,Duke Energy,HIGH,,North Central Florida Upgrade Project,transmission_upgrade,Upgrade,"Engineering, design, and routing",2025-02-06,230,230,2028,,,,year,Hamilton Solar,Killearn Tap,30.442726,-83.180835,30.58975,-84.259056,30.516238,-83.7199455,approximate_corridor,exact_substation_endpoints,HIGH,,"Hamilton Solar, West Lake, Sonnie Tap, Hanson, Greenville, Aucilla Tap, Drifton, Lloyd Tap, Miccosukee Tap, Baker Tap, Killearn Tap",73,Estimated,FL,Hamilton Solar,Killearn Tap,P-0288,R-0336,"Our Grid Future Planned Transmission Projects National Database, June 2026, 'Planned Transmission Projects' sheet",https://duke-energy-maps.com/,"Our Grid Future Planned Transmission Projects National Database, June 2026, 'Substations in Planned Projects' sheet (S-0449, S-0031)",public
DUKE-P0313,Duke Energy Florida,Duke Energy,HIGH,,Osprey to Haines City 230 kV Line,transmission_line,"New circuit, greenfield",Construction,2025-02-10,230,230,2023,,,,year,Osprey,Haines City East,28.054078,-81.80763,28.11978,-81.552183,28.086928999999998,-81.6799065,approximate_corridor,exact_substation_endpoints,HIGH,,"Osprey, Haines City East",21,Estimated,FL,Osprey,Haines City East,P-0313,R-0368,"Our Grid Future Planned Transmission Projects National Database, June 2026, 'Planned Transmission Projects' sheet",https://www.duke-energy.com/our-company/about-us/electric-transmission-projects/polk-county/osprey-to-haines-city,"Our Grid Future Planned Transmission Projects National Database, June 2026, 'Substations in Planned Projects' sheet (S-0844, S-0069)",public
DUKE-P0314,Duke Energy Florida,Duke Energy,HIGH,,Osprey to Kathleen 230 kV Line,transmission_line,"New circuit, greenfield",Construction,2025-02-10,230,230,2025,,,,year,Osprey,Kathleen,28.054078,-81.80763,28.226723,-82.026802,28.1404005,-81.917216,approximate_corridor,exact_substation_endpoints,HIGH,,"Osprey, Kathleen",26,Estimated,FL,Osprey,Kathleen,P-0314,R-0369,"Our Grid Future Planned Transmission Projects National Database, June 2026, 'Planned Transmission Projects' sheet",https://www.duke-energy.com/our-company/about-us/electric-transmission-projects/polk-county/osprey-to-kathleen,"Our Grid Future Planned Transmission Projects National Database, June 2026, 'Substations in Planned Projects' sheet (S-0844, S-0347)",public
DUKE-P0320,Duke Energy Florida,Duke Energy,HIGH,,Piedmont - Wekiva Transmission Reliability Enhancement Project,transmission_upgrade,Rebuild,,,230,230,2026,,,,year,Piedmont,Wekiva,28.672882,-81.455208,28.702444,-81.416959,28.687663,-81.4360835,approximate_corridor,exact_substation_endpoints,HIGH,,"Piedmont, Wekiva",3.1,Reported,FL,Piedmont,Wekiva,P-0320,R-0375,"Our Grid Future Planned Transmission Projects National Database, June 2026, 'Planned Transmission Projects' sheet",https://geovoice.powereng.com/beta/duke-energy/wekiva-Piedmont/#close,"Our Grid Future Planned Transmission Projects National Database, June 2026, 'Substations in Planned Projects' sheet (S-0375, S-0027)",public
DUKE-P0429,Duke Energy Florida,Duke Energy,HIGH,,Ross Praire to Shaw Transmission Project,transmission_line,"New circuit, greenfield","Engineering, design, and routing",2025-04-01,230,230,2026,,,,year,Ross Prairie,Red Oak Electric / Shaw,29.005192,-82.262092,29.145445,-82.183735,29.0753185,-82.2229135,approximate_corridor,exact_substation_endpoints,HIGH,,"Ross Prairie, Red Oak Electric / Shaw",19,Reported,FL,Ross Prairie,Red Oak Electric / Shaw,P-0429,R-0485,"Our Grid Future Planned Transmission Projects National Database, June 2026, 'Planned Transmission Projects' sheet",https://www.duke-energy.com/our-company/about-us/electric-transmission-projects/ross-prairie-to-shaw,"Our Grid Future Planned Transmission Projects National Database, June 2026, 'Substations in Planned Projects' sheet (S-0349, S-0385)",public
DUKE-P0538,Duke Energy Florida,Duke Energy,HIGH,,DeLand West - Dona Vista 230 kV,transmission_line,"New circuit, existing ROW",Permitting,2025-08-25,230,230,2029,,,,year,Deland West,Dona Vista,29.0149,-81.372157,28.876264,-81.69044,28.945582,-81.53129849999999,approximate_corridor,exact_substation_endpoints,HIGH,,"DeLand West, Dona Vista",27,Reported,FL,Deland West,Dona Vista,P-0538,R-0611,"Our Grid Future Planned Transmission Projects National Database, June 2026, 'Planned Transmission Projects' sheet",https://www.duke-energy.com/Our-Company/About-Us/Electric-Transmission-Projects/deland,"Our Grid Future Planned Transmission Projects National Database, June 2026, 'Substations in Planned Projects' sheet (S-0923, S-0924)",public
