project_id,utility,project_name,circuit_id,project_type,voltage_kv,voltage_label,pole_count,project_start,construction_start,project_end,date_precision,project_cost,from_substation,to_substation,from_lat,from_lon,to_lat,to_lon,mid_lat,mid_lon,line_length_miles,line_length_basis,endpoint_distance_miles,geometry_type,location_method,location_confidence,unresolved_reason,project_source,circuit_endpoint_source,form1_schedule,geography_source,data_type
TECO-66833,Tampa Electric,Transmission Upgrades-69 kV-66833,66833,transmission_upgrade,69.0,69 kV,145.0,2026-01-01,2026-01-01,2026-12-31,month,5787530,,,,,,,,,,,,,unknown,UNKNOWN,circuit_id not itemized in FERC Form 1 schedules,"Tampa Electric Modified 2026-2035 Storm Protection Plan, FPSC Docket No. 20250016-EI, Exhibit KEP-1, Appendix D page 2 of 2",,,,public
TECO-230037,Tampa Electric,Transmission Upgrades-138/230 kV-230037,230037,transmission_upgrade,230.0,138/230 kV,1.0,2026-01-01,2026-01-01,2026-12-31,month,57210,Gannon,Juneau,27.93806919700006,-82.44013826299994,28.02284274300007,-82.48101535599994,27.980455970000065,-82.46057680949994,16.2939,sum of all FERC Form 1 segment lengths reported for this circuit; not a point-to-point distance,6.3662,approximate_corridor,exact_substation_endpoints,HIGH,,"Tampa Electric Modified 2026-2035 Storm Protection Plan, FPSC Docket No. 20250016-EI, Exhibit KEP-1, Appendix D page 2 of 2","Tampa Electric Company FPSC Annual Report 2024 (FERC Form 1 schedules), filed 2025-04-30",Transmission Line Statistics (FERC page 422-423),"HIFLD Electric Substations (national layer), queried via ArcGIS REST | IMAGERY, OpenStreetMap | OpenStreetMap, https://www.tampaelectric.com/files/projects/juneauto11thst/projectareamap.pdf",public
TECO-66653,Tampa Electric,Transmission Upgrades-69 kV-66653,66653,transmission_upgrade,69.0,69 kV,93.0,2026-01-01,2026-01-01,2026-12-31,month,3712002,South Eloise,Sandhill,27.98724072400006,-81.74407045999999,,,27.98724072400006,-81.74407045999999,,,,point,single_substation,MEDIUM,no coordinates found for endpoint 'Sandhill',"Tampa Electric Modified 2026-2035 Storm Protection Plan, FPSC Docket No. 20250016-EI, Exhibit KEP-1, Appendix D page 2 of 2","Tampa Electric Company FPSC Annual Report 2024 (FERC Form 1 schedules), filed 2025-04-30",Transmission Lines Added During Year (FERC page 424-425),"HIFLD Electric Substations (national layer), queried via ArcGIS REST | OpenStreetMap, https://www.tampaelectric.com/files/projects/southeloise/projectareamap.pdf",public
TECO-66004,Tampa Electric,Transmission Upgrades-69 kV-66004,66004,transmission_upgrade,69.0,69 kV,66.0,2026-01-01,2026-01-01,2026-12-31,month,2634324,,,,,,,,,,,,,unknown,UNKNOWN,circuit_id not itemized in FERC Form 1 schedules,"Tampa Electric Modified 2026-2035 Storm Protection Plan, FPSC Docket No. 20250016-EI, Exhibit KEP-1, Appendix D page 2 of 2",,,,public
TECO-66655,Tampa Electric,Transmission Upgrades-69 kV-66655,66655,transmission_upgrade,69.0,69 kV,73.0,2026-01-01,2026-01-01,2026-12-31,month,2913722,,,,,,,,,,,,,unknown,UNKNOWN,circuit_id not itemized in FERC Form 1 schedules,"Tampa Electric Modified 2026-2035 Storm Protection Plan, FPSC Docket No. 20250016-EI, Exhibit KEP-1, Appendix D page 2 of 2",,,,public
TECO-66831,Tampa Electric,Transmission Upgrades-69 kV-66831,66831,transmission_upgrade,69.0,69 kV,1.0,2026-01-01,2026-01-01,2026-12-31,month,39914,,,,,,,,,,,,,unknown,UNKNOWN,circuit_id not itemized in FERC Form 1 schedules,"Tampa Electric Modified 2026-2035 Storm Protection Plan, FPSC Docket No. 20250016-EI, Exhibit KEP-1, Appendix D page 2 of 2",,,,public
TECO-66651,Tampa Electric,Transmission Upgrades-69 kV-66651,66651,transmission_upgrade,69.0,69 kV,30.0,2026-01-01,2026-01-01,2026-12-31,month,1197420,,,,,,,,,,,,,unknown,UNKNOWN,circuit_id not itemized in FERC Form 1 schedules,"Tampa Electric Modified 2026-2035 Storm Protection Plan, FPSC Docket No. 20250016-EI, Exhibit KEP-1, Appendix D page 2 of 2",,,,public
TECO-66058,Tampa Electric,Transmission Upgrades-69 kV-66058,66058,transmission_upgrade,69.0,69 kV,7.0,2026-01-01,2026-01-01,2026-12-31,month,279398,,,,,,,,,,,,,unknown,UNKNOWN,circuit_id not itemized in FERC Form 1 schedules,"Tampa Electric Modified 2026-2035 Storm Protection Plan, FPSC Docket No. 20250016-EI, Exhibit KEP-1, Appendix D page 2 of 2",,,,public
TECO-66012,Tampa Electric,Transmission Upgrades-69 kV-66012,66012,transmission_upgrade,69.0,69 kV,15.0,2026-01-01,2026-01-01,2026-12-31,month,598710,,,,,,,,,,,,,unknown,UNKNOWN,circuit_id not itemized in FERC Form 1 schedules,"Tampa Electric Modified 2026-2035 Storm Protection Plan, FPSC Docket No. 20250016-EI, Exhibit KEP-1, Appendix D page 2 of 2",,,,public
TECO-138005,Tampa Electric,Transmission Upgrades-138/230 kV-138005,138005,transmission_upgrade,230.0,138/230 kV,2.0,2026-01-01,2026-01-01,2026-12-31,month,79828,Ohio,Clearview,27.977163463000068,-82.49816320399998,27.954757651000023,-82.50206661099998,27.965960557000045,-82.50011490749998,4.6487,sum of all FERC Form 1 segment lengths reported for this circuit; not a point-to-point distance,1.5663,approximate_corridor,exact_substation_endpoints,HIGH,,"Tampa Electric Modified 2026-2035 Storm Protection Plan, FPSC Docket No. 20250016-EI, Exhibit KEP-1, Appendix D page 2 of 2","Tampa Electric Company FPSC Annual Report 2024 (FERC Form 1 schedules), filed 2025-04-30",Transmission Line Statistics (FERC page 422-423),"HIFLD Electric Substations (national layer), queried via ArcGIS REST | Florida Geographic Data Library, OpenStreetMap | Florida Geographic Data Library, OpenStreetMap, https://www.tampaelectric.com/files/projects/clearview/projectareamap.pdf",public
TECO-66835,Tampa Electric,Transmission Upgrades-69 kV-66835,66835,transmission_upgrade,69.0,69 kV,1.0,2026-01-01,2026-01-01,2026-12-31,month,39914,,,,,,,,,,,,,unknown,UNKNOWN,circuit_id not itemized in FERC Form 1 schedules,"Tampa Electric Modified 2026-2035 Storm Protection Plan, FPSC Docket No. 20250016-EI, Exhibit KEP-1, Appendix D page 2 of 2",,,,public
TECO-SUB-first-street,Tampa Electric,Substation Extreme Weather Hardening - First Street,,substation_hardening,,,,2026-01-01,2026-06-01,2026-10-31,month,1800450,First Street,,,,,,,,,,,,unknown,UNKNOWN,no coordinates found for substation 'First Street',"Tampa Electric Modified 2026-2035 Storm Protection Plan, FPSC Docket No. 20250016-EI, Exhibit KEP-1, Appendix F page 2 of 2",,,,public
TECO-SUB-skyway,Tampa Electric,Substation Extreme Weather Hardening - Skyway,,substation_hardening,,,,2026-01-01,2026-06-01,2026-10-31,month,1990026,Skyway,,27.977115643000047,-82.55019121599997,,,27.977115643000047,-82.55019121599997,,,,point,single_substation,HIGH,,"Tampa Electric Modified 2026-2035 Storm Protection Plan, FPSC Docket No. 20250016-EI, Exhibit KEP-1, Appendix F page 2 of 2",,,"HIFLD Electric Substations (national layer), queried via ArcGIS REST | Florida Geographic Data Library, OpenStreetMap",public
TECO-SUB-lake-agnes,Tampa Electric,Substation Extreme Weather Hardening - Lake Agnes,,substation_hardening,,,,2026-01-01,2026-06-01,2026-08-31,month,609336,Lake Agnes,,28.15503006600005,-81.82700854499996,,,28.15503006600005,-81.82700854499996,,,,point,single_substation,HIGH,,"Tampa Electric Modified 2026-2035 Storm Protection Plan, FPSC Docket No. 20250016-EI, Exhibit KEP-1, Appendix F page 2 of 2",,,"HIFLD Electric Substations (national layer), queried via ArcGIS REST | OpenStreetMap, https://www.tampaelectric.com/files/projects/lakeagnes/projectareamap.pdf",public
TECO-SUB-trout-creek,Tampa Electric,Substation Extreme Weather Hardening - Trout Creek,,substation_hardening,,,,2026-01-01,2026-04-01,2026-07-31,month,2727432,Trout Creek,,,,,,,,,,,,unknown,UNKNOWN,no coordinates found for substation 'Trout Creek',"Tampa Electric Modified 2026-2035 Storm Protection Plan, FPSC Docket No. 20250016-EI, Exhibit KEP-1, Appendix F page 2 of 2",,,,public
TECO-SUB-estuary,Tampa Electric,Substation Extreme Weather Hardening - Estuary,,substation_hardening,,,,2026-01-01,2026-06-01,2026-08-31,month,806940,Estuary,,,,,,,,,,,,unknown,UNKNOWN,no coordinates found for substation 'Estuary',"Tampa Electric Modified 2026-2035 Storm Protection Plan, FPSC Docket No. 20250016-EI, Exhibit KEP-1, Appendix F page 2 of 2",,,,public
