circuit_id,from_substation,to_substation,voltage_kv,line_length_miles,segment_count,form1_schedule,source
138003,Juneau,Ohio,138,6.7913,11,Transmission Line Statistics (FERC page 422-423),"Tampa Electric Company FPSC Annual Report 2024 (FERC Form 1 schedules), filed 2025-04-30"
138004,Hookers Pt,Gannon,138,3.393,5,Transmission Line Statistics (FERC page 422-423),"Tampa Electric Company FPSC Annual Report 2024 (FERC Form 1 schedules), filed 2025-04-30"
138005,Ohio,Clearview,138,4.6487,6,Transmission Line Statistics (FERC page 422-423),"Tampa Electric Company FPSC Annual Report 2024 (FERC Form 1 schedules), filed 2025-04-30"
138006,Ohio,Himes,138,8.5182,11,Transmission Line Statistics (FERC page 422-423),"Tampa Electric Company FPSC Annual Report 2024 (FERC Form 1 schedules), filed 2025-04-30"
138007,Ohio,Clearview,138,2.5761,5,Transmission Line Statistics (FERC page 422-423),"Tampa Electric Company FPSC Annual Report 2024 (FERC Form 1 schedules), filed 2025-04-30"
138008,Gannon,Juneau,138,12.1981,10,Transmission Line Statistics (FERC page 422-423),"Tampa Electric Company FPSC Annual Report 2024 (FERC Form 1 schedules), filed 2025-04-30"
138011,Gannon,Gannon,138,0.4472,3,Transmission Line Statistics (FERC page 422-423),"Tampa Electric Company FPSC Annual Report 2024 (FERC Form 1 schedules), filed 2025-04-30"
230001,Gannon,Davis,230,15.3292,2,Transmission Line Statistics (FERC page 422-423),"Tampa Electric Company FPSC Annual Report 2024 (FERC Form 1 schedules), filed 2025-04-30"
230002,Gannon,South Gibsonton,230,7.2532,7,Transmission Line Statistics (FERC page 422-423),"Tampa Electric Company FPSC Annual Report 2024 (FERC Form 1 schedules), filed 2025-04-30"
230003,Big Bend,11th Ave,230,16.0055,21,Transmission Line Statistics (FERC page 422-423),"Tampa Electric Company FPSC Annual Report 2024 (FERC Form 1 schedules), filed 2025-04-30"
230004,Gannon,Bell Creek,230,8.3843,4,Transmission Line Statistics (FERC page 422-423),"Tampa Electric Company FPSC Annual Report 2024 (FERC Form 1 schedules), filed 2025-04-30"
230005,Gannon,Fish Hawk,230,14.6693,7,Transmission Line Statistics (FERC page 422-423),"Tampa Electric Company FPSC Annual Report 2024 (FERC Form 1 schedules), filed 2025-04-30"
230006,Gannon,River,230,14.6193,14,Transmission Line Statistics (FERC page 422-423),"Tampa Electric Company FPSC Annual Report 2024 (FERC Form 1 schedules), filed 2025-04-30"
230007,Big Bend,Aspen,230,11.4979,3,Transmission Line Statistics (FERC page 422-423),"Tampa Electric Company FPSC Annual Report 2024 (FERC Form 1 schedules), filed 2025-04-30"
230008,Big Bend,FPL Tie,230,13.7405,11,Transmission Line Statistics (FERC page 422-423),"Tampa Electric Company FPSC Annual Report 2024 (FERC Form 1 schedules), filed 2025-04-30"
230009,Big Bend Station,South Gibsonton,230,2.0636,4,Transmission Line Statistics (FERC page 422-423),"Tampa Electric Company FPSC Annual Report 2024 (FERC Form 1 schedules), filed 2025-04-30"
230010,Big Bend,Davis,230,7.5369,7,Transmission Line Statistics (FERC page 422-423),"Tampa Electric Company FPSC Annual Report 2024 (FERC Form 1 schedules), filed 2025-04-30"
230011,Sheldon Rd,FPC Tie (Tarpon),230,5.1358,3,Transmission Line Statistics (FERC page 422-423),"Tampa Electric Company FPSC Annual Report 2024 (FERC Form 1 schedules), filed 2025-04-30"
230012,Sheldon Rd,FPC Tie (Tarpon),230,5.1316,4,Transmission Line Statistics (FERC page 422-423),"Tampa Electric Company FPSC Annual Report 2024 (FERC Form 1 schedules), filed 2025-04-30"
230013,Sheldon Rd,FPC Tie (Tarpon),230,5.0818,4,Transmission Line Statistics (FERC page 422-423),"Tampa Electric Company FPSC Annual Report 2024 (FERC Form 1 schedules), filed 2025-04-30"
230014,Big Bend,Little Manatee River,230,9.7809,8,Transmission Line Statistics (FERC page 422-423),"Tampa Electric Company FPSC Annual Report 2024 (FERC Form 1 schedules), filed 2025-04-30"
230015,Juneau,Sheldon RD,230,9.3985,5,Transmission Line Statistics (FERC page 422-423),"Tampa Electric Company FPSC Annual Report 2024 (FERC Form 1 schedules), filed 2025-04-30"
230016,Eleventh Ave,Ohio,230,6.1292,2,Transmission Line Statistics (FERC page 422-423),"Tampa Electric Company FPSC Annual Report 2024 (FERC Form 1 schedules), filed 2025-04-30"
230018,Big Bend,South Shore,230,4.9722,4,Transmission Line Statistics (FERC page 422-423),"Tampa Electric Company FPSC Annual Report 2024 (FERC Form 1 schedules), filed 2025-04-30"
230019,Big Bend,Big Bend Station,230,0.7498,2,Transmission Line Statistics (FERC page 422-423),"Tampa Electric Company FPSC Annual Report 2024 (FERC Form 1 schedules), filed 2025-04-30"
230020,Sheldon Rd,Dale Mabry,230,10.5568,7,Transmission Line Statistics (FERC page 422-423),"Tampa Electric Company FPSC Annual Report 2024 (FERC Form 1 schedules), filed 2025-04-30"
230021,Pebbledale,Bell Creek,230,25.6572,11,Transmission Line Statistics (FERC page 422-423),"Tampa Electric Company FPSC Annual Report 2024 (FERC Form 1 schedules), filed 2025-04-30"
230022,Sheldon Rd,Jackson Rd,230,3.2913,1,Transmission Line Statistics (FERC page 422-423),"Tampa Electric Company FPSC Annual Report 2024 (FERC Form 1 schedules), filed 2025-04-30"
230023,Big Bend Station,BB Sub Gen Lds,230,0.6358,3,Transmission Line Statistics (FERC page 422-423),"Tampa Electric Company FPSC Annual Report 2024 (FERC Form 1 schedules), filed 2025-04-30"
230024,Big Bend,Big Bend Sub Gen LDS,230,0.6242,1,Transmission Line Statistics (FERC page 422-423),"Tampa Electric Company FPSC Annual Report 2024 (FERC Form 1 schedules), filed 2025-04-30"
230025,Big Bend,Big Bend Sub Gen LDS,230,0.5616,2,Transmission Line Statistics (FERC page 422-423),"Tampa Electric Company FPSC Annual Report 2024 (FERC Form 1 schedules), filed 2025-04-30"
230026,Big Bend,Big Bend Sub Gen LDS,230,0.5527,1,Transmission Line Statistics (FERC page 422-423),"Tampa Electric Company FPSC Annual Report 2024 (FERC Form 1 schedules), filed 2025-04-30"
230027,Bayside,Gan Sub Lds,230,0.7678,4,Transmission Line Statistics (FERC page 422-423),"Tampa Electric Company FPSC Annual Report 2024 (FERC Form 1 schedules), filed 2025-04-30"
230028,Gannon Gen Lds,Gannon,230,0.8792,2,Transmission Line Statistics (FERC page 422-423),"Tampa Electric Company FPSC Annual Report 2024 (FERC Form 1 schedules), filed 2025-04-30"
230029,Gannon Gen Lds,Gannon,230,0.7902,2,Transmission Line Statistics (FERC page 422-423),"Tampa Electric Company FPSC Annual Report 2024 (FERC Form 1 schedules), filed 2025-04-30"
230031,Little Manatee River,FP&L Interconnection,230,4.3237,6,Transmission Line Statistics (FERC page 422-423),"Tampa Electric Company FPSC Annual Report 2024 (FERC Form 1 schedules), filed 2025-04-30"
230033,Chapman,Dale Mabry,230,5.0701,8,Transmission Line Statistics (FERC page 422-423),"Tampa Electric Company FPSC Annual Report 2024 (FERC Form 1 schedules), filed 2025-04-30"
230037,Gannon,Juneau,230,16.2939,4,Transmission Line Statistics (FERC page 422-423),"Tampa Electric Company FPSC Annual Report 2024 (FERC Form 1 schedules), filed 2025-04-30"
230038,Ohio,Juneau,230,5.3025,3,Transmission Line Statistics (FERC page 422-423),"Tampa Electric Company FPSC Annual Report 2024 (FERC Form 1 schedules), filed 2025-04-30"
230039,Big Bend,Big Bend Reserve 4 & 3,230,0.4902,3,Transmission Line Statistics (FERC page 422-423),"Tampa Electric Company FPSC Annual Report 2024 (FERC Form 1 schedules), filed 2025-04-30"
230040,Big Bend,"Big Bend CT4, Reserve 1 & 5",230,0.8411,6,Transmission Line Statistics (FERC page 422-423),"Tampa Electric Company FPSC Annual Report 2024 (FERC Form 1 schedules), filed 2025-04-30"
230041,Bayside CT1,Gannon,230,0.7206,3,Transmission Line Statistics (FERC page 422-423),"Tampa Electric Company FPSC Annual Report 2024 (FERC Form 1 schedules), filed 2025-04-30"
230042,Bayside CT2,Gannon,230,0.6136,3,Transmission Line Statistics (FERC page 422-423),"Tampa Electric Company FPSC Annual Report 2024 (FERC Form 1 schedules), filed 2025-04-30"
230043,South Shore,FPL Tie (Manatee),230,8.7208,3,Transmission Line Statistics (FERC page 422-423),"Tampa Electric Company FPSC Annual Report 2024 (FERC Form 1 schedules), filed 2025-04-30"
230052,Big Bend,SR60,230,13.739,8,Transmission Line Statistics (FERC page 422-423),"Tampa Electric Company FPSC Annual Report 2024 (FERC Form 1 schedules), filed 2025-04-30"
230061,Davis,Chapman,230,8.197,3,Transmission Line Statistics (FERC page 422-423),"Tampa Electric Company FPSC Annual Report 2024 (FERC Form 1 schedules), filed 2025-04-30"
230062,Davis,Chapman,230,8.1947,3,Transmission Line Statistics (FERC page 422-423),"Tampa Electric Company FPSC Annual Report 2024 (FERC Form 1 schedules), filed 2025-04-30"
230063,River,Davis,230,0.5833,2,Transmission Line Statistics (FERC page 422-423),"Tampa Electric Company FPSC Annual Report 2024 (FERC Form 1 schedules), filed 2025-04-30"
230065,Davis,Thonotosassa,230,3.6525,1,Transmission Line Statistics (FERC page 422-423),"Tampa Electric Company FPSC Annual Report 2024 (FERC Form 1 schedules), filed 2025-04-30"
230067,Dale Mabry,Duke Energy Florida Tie,230,5.0491,1,Transmission Line Statistics (FERC page 422-423),"Tampa Electric Company FPSC Annual Report 2024 (FERC Form 1 schedules), filed 2025-04-30"
230401,Polk,Durrance,230,5.9059,3,Transmission Line Statistics (FERC page 422-423),"Tampa Electric Company FPSC Annual Report 2024 (FERC Form 1 schedules), filed 2025-04-30"
230402,Aspen,Lithia,230,6.3943,4,Transmission Line Statistics (FERC page 422-423),"Tampa Electric Company FPSC Annual Report 2024 (FERC Form 1 schedules), filed 2025-04-30"
230403,Fish Hawk,Hampton,230,10.4504,5,Transmission Line Statistics (FERC page 422-423),"Tampa Electric Company FPSC Annual Report 2024 (FERC Form 1 schedules), filed 2025-04-30"
230404,Fish Hawk,Fish Hawk,230,0.0701,2,Transmission Line Statistics (FERC page 422-423),"Tampa Electric Company FPSC Annual Report 2024 (FERC Form 1 schedules), filed 2025-04-30"
230405,Lithia,Mines,230,4.7581,2,Transmission Line Statistics (FERC page 422-423),"Tampa Electric Company FPSC Annual Report 2024 (FERC Form 1 schedules), filed 2025-04-30"
230406,Lithia Solar,Lithia,230,0.0227,1,Transmission Line Statistics (FERC page 422-423),"Tampa Electric Company FPSC Annual Report 2024 (FERC Form 1 schedules), filed 2025-04-30"
230407,Polk Power,Alafia Solar,230,1.7487,1,Transmission Line Statistics (FERC page 422-423),"Tampa Electric Company FPSC Annual Report 2024 (FERC Form 1 schedules), filed 2025-04-30"
230412,Durrance,Aspen,230,18.4263,10,Transmission Line Statistics (FERC page 422-423),"Tampa Electric Company FPSC Annual Report 2024 (FERC Form 1 schedules), filed 2025-04-30"
230413,Durrance,Durrance Solar,230,0.0104,1,Transmission Line Statistics (FERC page 422-423),"Tampa Electric Company FPSC Annual Report 2024 (FERC Form 1 schedules), filed 2025-04-30"
230415,Big Bend,Aspen,230,11.4725,7,Transmission Line Statistics (FERC page 422-423),"Tampa Electric Company FPSC Annual Report 2024 (FERC Form 1 schedules), filed 2025-04-30"
230417,Aspen,Balm Solar,230,0.6506,1,Transmission Line Statistics (FERC page 422-423),"Tampa Electric Company FPSC Annual Report 2024 (FERC Form 1 schedules), filed 2025-04-30"
230426,Aspen,Fish Hawk,230,6.3837,3,Transmission Line Statistics (FERC page 422-423),"Tampa Electric Company FPSC Annual Report 2024 (FERC Form 1 schedules), filed 2025-04-30"
230427,Aspen,Fish Hawk,230,6.3746,2,Transmission Line Statistics (FERC page 422-423),"Tampa Electric Company FPSC Annual Report 2024 (FERC Form 1 schedules), filed 2025-04-30"
230429,Aspen,CR 672,230,0.9879,2,Transmission Line Statistics (FERC page 422-423),"Tampa Electric Company FPSC Annual Report 2024 (FERC Form 1 schedules), filed 2025-04-30"
230601,Pebbledale,FPC Tie (N. Bartow),230,0.0405,2,Transmission Line Statistics (FERC page 422-423),"Tampa Electric Company FPSC Annual Report 2024 (FERC Form 1 schedules), filed 2025-04-30"
230602,Pebbledale,FPC Tie (Barcola),230,11.3032,10,Transmission Line Statistics (FERC page 422-423),"Tampa Electric Company FPSC Annual Report 2024 (FERC Form 1 schedules), filed 2025-04-30"
230603,Pebbledale,Crews Lake (LAK),230,9.4951,10,Transmission Line Statistics (FERC page 422-423),"Tampa Electric Company FPSC Annual Report 2024 (FERC Form 1 schedules), filed 2025-04-30"
230604,S. Eloise,FPC Tie (Lake Wales),230,7.4513,7,Transmission Line Statistics (FERC page 422-423),"Tampa Electric Company FPSC Annual Report 2024 (FERC Form 1 schedules), filed 2025-04-30"
230605,Pebbledale,Polk,230,9.7744,2,Transmission Line Statistics (FERC page 422-423),"Tampa Electric Company FPSC Annual Report 2024 (FERC Form 1 schedules), filed 2025-04-30"
230606,Polk,Pebbledale,230,10.2841,8,Transmission Line Statistics (FERC page 422-423),"Tampa Electric Company FPSC Annual Report 2024 (FERC Form 1 schedules), filed 2025-04-30"
230607,Polk,Hardee,230,9.3544,3,Transmission Line Statistics (FERC page 422-423),"Tampa Electric Company FPSC Annual Report 2024 (FERC Form 1 schedules), filed 2025-04-30"
230608,Recker,Crews Lake,230,14.14,7,Transmission Line Statistics (FERC page 422-423),"Tampa Electric Company FPSC Annual Report 2024 (FERC Form 1 schedules), filed 2025-04-30"
230609,Recker SW Sta,Ariana,230,1.5447,5,Transmission Line Statistics (FERC page 422-423),"Tampa Electric Company FPSC Annual Report 2024 (FERC Form 1 schedules), filed 2025-04-30"
230610,Recker,Mission Energy,230,0.1047,1,Transmission Line Statistics (FERC page 422-423),"Tampa Electric Company FPSC Annual Report 2024 (FERC Form 1 schedules), filed 2025-04-30"
230611,Recker,Mission Energy,230,0.1513,1,Transmission Line Statistics (FERC page 422-423),"Tampa Electric Company FPSC Annual Report 2024 (FERC Form 1 schedules), filed 2025-04-30"
230612,Recker,Lake Agnes,230,9.5532,6,Transmission Line Statistics (FERC page 422-423),"Tampa Electric Company FPSC Annual Report 2024 (FERC Form 1 schedules), filed 2025-04-30"
230613,GSU,Polk Gen,230,0.3347,2,Transmission Line Statistics (FERC page 422-423),"Tampa Electric Company FPSC Annual Report 2024 (FERC Form 1 schedules), filed 2025-04-30"
230614,GSU,Polk Gen,230,0.6275,2,Transmission Line Statistics (FERC page 422-423),"Tampa Electric Company FPSC Annual Report 2024 (FERC Form 1 schedules), filed 2025-04-30"
230615,Lake Agnes,McIntosh,230,0.0587,1,Transmission Line Statistics (FERC page 422-423),"Tampa Electric Company FPSC Annual Report 2024 (FERC Form 1 schedules), filed 2025-04-30"
230616,Lake Agnes (1),Osceola,230,21.617,4,Transmission Line Statistics (FERC page 422-423),"Tampa Electric Company FPSC Annual Report 2024 (FERC Form 1 schedules), filed 2025-04-30"
230617,Osceola (2),Cane Island,230,4.1153,1,Transmission Line Statistics (FERC page 422-423),"Tampa Electric Company FPSC Annual Report 2024 (FERC Form 1 schedules), filed 2025-04-30"
230619,GSU,Polk Gen,230,0.6119,3,Transmission Line Statistics (FERC page 422-423),"Tampa Electric Company FPSC Annual Report 2024 (FERC Form 1 schedules), filed 2025-04-30"
230621,Recker,Osprey,230,0.0716,1,Transmission Line Statistics (FERC page 422-423),"Tampa Electric Company FPSC Annual Report 2024 (FERC Form 1 schedules), filed 2025-04-30"
230622,S Eloise,Recker,230,7.4017,2,Transmission Line Statistics (FERC page 422-423),"Tampa Electric Company FPSC Annual Report 2024 (FERC Form 1 schedules), filed 2025-04-30"
230623,S Eloise,FPC Tie (N. Bartow),230,12.1831,5,Transmission Line Statistics (FERC page 422-423),"Tampa Electric Company FPSC Annual Report 2024 (FERC Form 1 schedules), filed 2025-04-30"
230625,Fish Hawk,Pebbledale,230,19.5521,10,Transmission Line Statistics (FERC page 422-423),"Tampa Electric Company FPSC Annual Report 2024 (FERC Form 1 schedules), filed 2025-04-30"
230627,Jamison,Pebbledale,230,3.1108,5,Transmission Line Statistics (FERC page 422-423),"Tampa Electric Company FPSC Annual Report 2024 (FERC Form 1 schedules), filed 2025-04-30"
230628,Jamison,Jamison Solar,230,0.0106,1,Transmission Line Statistics (FERC page 422-423),"Tampa Electric Company FPSC Annual Report 2024 (FERC Form 1 schedules), filed 2025-04-30"
230631,Polk CTS,Polk Power,230,0.5396,3,Transmission Line Statistics (FERC page 422-423),"Tampa Electric Company FPSC Annual Report 2024 (FERC Form 1 schedules), filed 2025-04-30"
230632,Polk Power Station,Polk Power,230,0.6528,2,Transmission Line Statistics (FERC page 422-423),"Tampa Electric Company FPSC Annual Report 2024 (FERC Form 1 schedules), filed 2025-04-30"
230635,Polk PW,Mines,230,10.9621,2,Transmission Line Statistics (FERC page 422-423),"Tampa Electric Company FPSC Annual Report 2024 (FERC Form 1 schedules), filed 2025-04-30"
231008,De-energized,De-energized,230,2.2473,2,Transmission Line Statistics (FERC page 422-423),"Tampa Electric Company FPSC Annual Report 2024 (FERC Form 1 schedules), filed 2025-04-30"
231024,De-energized,De-energized,230,0.1496,1,Transmission Line Statistics (FERC page 422-423),"Tampa Electric Company FPSC Annual Report 2024 (FERC Form 1 schedules), filed 2025-04-30"
231025,Big Bend,Big Bend,,,1,Transmission Lines Added During Year (FERC page 424-425),"Tampa Electric Company FPSC Annual Report 2024 (FERC Form 1 schedules), filed 2025-04-30"
231401,De-energized,De-energized,230,0.0417,1,Transmission Line Statistics (FERC page 422-423),"Tampa Electric Company FPSC Annual Report 2024 (FERC Form 1 schedules), filed 2025-04-30"
231606,De-energized,De-energized,230,0.0328,1,Transmission Line Statistics (FERC page 422-423),"Tampa Electric Company FPSC Annual Report 2024 (FERC Form 1 schedules), filed 2025-04-30"
231902,De-energized,De-energized,230,2.3394,1,Transmission Line Statistics (FERC page 422-423),"Tampa Electric Company FPSC Annual Report 2024 (FERC Form 1 schedules), filed 2025-04-30"
66008,GATX Tap,David Joseph,,,1,Transmission Lines Added During Year (FERC page 424-425),"Tampa Electric Company FPSC Annual Report 2024 (FERC Form 1 schedules), filed 2025-04-30"
66015,Hookers Point,Marion St,,,1,Transmission Lines Added During Year (FERC page 424-425),"Tampa Electric Company FPSC Annual Report 2024 (FERC Form 1 schedules), filed 2025-04-30"
66016,State Road 60,State Rd,,,1,Transmission Lines Added During Year (FERC page 424-425),"Tampa Electric Company FPSC Annual Report 2024 (FERC Form 1 schedules), filed 2025-04-30"
66017,Matanzas,Matanzas,,,1,Transmission Lines Added During Year (FERC page 424-425),"Tampa Electric Company FPSC Annual Report 2024 (FERC Form 1 schedules), filed 2025-04-30"
66033,Riverview,Bell Creek,,,1,Transmission Lines Added During Year (FERC page 424-425),"Tampa Electric Company FPSC Annual Report 2024 (FERC Form 1 schedules), filed 2025-04-30"
66035,State Rd 574,11th Ave,,,1,Transmission Lines Added During Year (FERC page 424-425),"Tampa Electric Company FPSC Annual Report 2024 (FERC Form 1 schedules), filed 2025-04-30"
66043,Matanzas,Matanzas,,,1,Transmission Lines Added During Year (FERC page 424-425),"Tampa Electric Company FPSC Annual Report 2024 (FERC Form 1 schedules), filed 2025-04-30"
66046,Woodlands,Meadow Park/Double Branch,,,1,Transmission Lines Added During Year (FERC page 424-425),"Tampa Electric Company FPSC Annual Report 2024 (FERC Form 1 schedules), filed 2025-04-30"
66091,Sun City,Ruskin and Del Webb,,,1,Transmission Lines Added During Year (FERC page 424-425),"Tampa Electric Company FPSC Annual Report 2024 (FERC Form 1 schedules), filed 2025-04-30"
66096,Sun City,Bullfrog Creek,,,1,Transmission Lines Added During Year (FERC page 424-425),"Tampa Electric Company FPSC Annual Report 2024 (FERC Form 1 schedules), filed 2025-04-30"
66603,Coronet and J.D. Page,English Creek Solar,,,1,Transmission Lines Added During Year (FERC page 424-425),"Tampa Electric Company FPSC Annual Report 2024 (FERC Form 1 schedules), filed 2025-04-30"
66652,South Eloise,Sandhill,,,1,Transmission Lines Added During Year (FERC page 424-425),"Tampa Electric Company FPSC Annual Report 2024 (FERC Form 1 schedules), filed 2025-04-30"
66653,South Eloise,Sandhill,,,1,Transmission Lines Added During Year (FERC page 424-425),"Tampa Electric Company FPSC Annual Report 2024 (FERC Form 1 schedules), filed 2025-04-30"
