project_id,utility,project_name,circuit_id,project_type,voltage_kv,voltage_label,pole_count,project_start,construction_start,project_end,project_cost,date_precision,substation_name,source_name_raw,project_source
TECO-66833,Tampa Electric,Transmission Upgrades-69 kV-66833,66833,transmission_upgrade,69,69 kV,145,2026-01-01,2026-01-01,2026-12-31,5787530,month,,Transmission Upgrades-69 kV-66833,"Tampa Electric Modified 2026-2035 Storm Protection Plan, FPSC Docket No. 20250016-EI, Exhibit KEP-1, Appendix D page 2 of 2"
TECO-230037,Tampa Electric,Transmission Upgrades-138/230 kV-230037,230037,transmission_upgrade,230,138/230 kV,1,2026-01-01,2026-01-01,2026-12-31,57210,month,,Transmission Upgrades-138/230 kV-230037,"Tampa Electric Modified 2026-2035 Storm Protection Plan, FPSC Docket No. 20250016-EI, Exhibit KEP-1, Appendix D page 2 of 2"
TECO-66653,Tampa Electric,Transmission Upgrades-69 kV-66653,66653,transmission_upgrade,69,69 kV,93,2026-01-01,2026-01-01,2026-12-31,3712002,month,,Transmission Upgrades-69 kV-66653,"Tampa Electric Modified 2026-2035 Storm Protection Plan, FPSC Docket No. 20250016-EI, Exhibit KEP-1, Appendix D page 2 of 2"
TECO-66004,Tampa Electric,Transmission Upgrades-69 kV-66004,66004,transmission_upgrade,69,69 kV,66,2026-01-01,2026-01-01,2026-12-31,2634324,month,,Transmission Upgrades-69 kV-66004,"Tampa Electric Modified 2026-2035 Storm Protection Plan, FPSC Docket No. 20250016-EI, Exhibit KEP-1, Appendix D page 2 of 2"
TECO-66655,Tampa Electric,Transmission Upgrades-69 kV-66655,66655,transmission_upgrade,69,69 kV,73,2026-01-01,2026-01-01,2026-12-31,2913722,month,,Transmission Upgrades-69 kV-66655,"Tampa Electric Modified 2026-2035 Storm Protection Plan, FPSC Docket No. 20250016-EI, Exhibit KEP-1, Appendix D page 2 of 2"
TECO-66831,Tampa Electric,Transmission Upgrades-69 kV-66831,66831,transmission_upgrade,69,69 kV,1,2026-01-01,2026-01-01,2026-12-31,39914,month,,Transmission Upgrades-69 kV-66831,"Tampa Electric Modified 2026-2035 Storm Protection Plan, FPSC Docket No. 20250016-EI, Exhibit KEP-1, Appendix D page 2 of 2"
TECO-66651,Tampa Electric,Transmission Upgrades-69 kV-66651,66651,transmission_upgrade,69,69 kV,30,2026-01-01,2026-01-01,2026-12-31,1197420,month,,Transmission Upgrades-69 kV-66651,"Tampa Electric Modified 2026-2035 Storm Protection Plan, FPSC Docket No. 20250016-EI, Exhibit KEP-1, Appendix D page 2 of 2"
TECO-66058,Tampa Electric,Transmission Upgrades-69 kV-66058,66058,transmission_upgrade,69,69 kV,7,2026-01-01,2026-01-01,2026-12-31,279398,month,,Transmission Upgrades-69 kV-66058,"Tampa Electric Modified 2026-2035 Storm Protection Plan, FPSC Docket No. 20250016-EI, Exhibit KEP-1, Appendix D page 2 of 2"
TECO-66012,Tampa Electric,Transmission Upgrades-69 kV-66012,66012,transmission_upgrade,69,69 kV,15,2026-01-01,2026-01-01,2026-12-31,598710,month,,Transmission Upgrades-69 kV-66012,"Tampa Electric Modified 2026-2035 Storm Protection Plan, FPSC Docket No. 20250016-EI, Exhibit KEP-1, Appendix D page 2 of 2"
TECO-138005,Tampa Electric,Transmission Upgrades-138/230 kV-138005,138005,transmission_upgrade,230,138/230 kV,2,2026-01-01,2026-01-01,2026-12-31,79828,month,,Transmission Upgrades-138/230 kV-138005,"Tampa Electric Modified 2026-2035 Storm Protection Plan, FPSC Docket No. 20250016-EI, Exhibit KEP-1, Appendix D page 2 of 2"
TECO-66835,Tampa Electric,Transmission Upgrades-69 kV-66835,66835,transmission_upgrade,69,69 kV,1,2026-01-01,2026-01-01,2026-12-31,39914,month,,Transmission Upgrades-69 kV-66835,"Tampa Electric Modified 2026-2035 Storm Protection Plan, FPSC Docket No. 20250016-EI, Exhibit KEP-1, Appendix D page 2 of 2"
TECO-SUB-first-street,Tampa Electric,Substation Extreme Weather Hardening - First Street,,substation_hardening,,,,2026-01-01,2026-06-01,2026-10-31,1800450,month,First Street,First Street,"Tampa Electric Modified 2026-2035 Storm Protection Plan, FPSC Docket No. 20250016-EI, Exhibit KEP-1, Appendix F page 2 of 2"
TECO-SUB-skyway,Tampa Electric,Substation Extreme Weather Hardening - Skyway,,substation_hardening,,,,2026-01-01,2026-06-01,2026-10-31,1990026,month,Skyway,Skyway,"Tampa Electric Modified 2026-2035 Storm Protection Plan, FPSC Docket No. 20250016-EI, Exhibit KEP-1, Appendix F page 2 of 2"
TECO-SUB-lake-agnes,Tampa Electric,Substation Extreme Weather Hardening - Lake Agnes,,substation_hardening,,,,2026-01-01,2026-06-01,2026-08-31,609336,month,Lake Agnes,Lake Aqnes,"Tampa Electric Modified 2026-2035 Storm Protection Plan, FPSC Docket No. 20250016-EI, Exhibit KEP-1, Appendix F page 2 of 2"
TECO-SUB-trout-creek,Tampa Electric,Substation Extreme Weather Hardening - Trout Creek,,substation_hardening,,,,2026-01-01,2026-04-01,2026-07-31,2727432,month,Trout Creek,Trout Creek,"Tampa Electric Modified 2026-2035 Storm Protection Plan, FPSC Docket No. 20250016-EI, Exhibit KEP-1, Appendix F page 2 of 2"
TECO-SUB-estuary,Tampa Electric,Substation Extreme Weather Hardening - Estuary,,substation_hardening,,,,2026-01-01,2026-06-01,2026-08-31,806940,month,Estuary,Estuary,"Tampa Electric Modified 2026-2035 Storm Protection Plan, FPSC Docket No. 20250016-EI, Exhibit KEP-1, Appendix F page 2 of 2"
